timestamp,rain_intensity,canal_water_level,node_id,rain_intensity_change,total_rainfall,cumulative_total_rainfall,canal_water_level_change,hours_since_event_start,is_selected_event_window,target_timestamp,observed_future_level,observed_change,predicted_change_cm,predicted_future_level_cm,baseline_future_level_cm
2026-05-25 01:00:00,0.0,5.0,Node1,0.0,0.0,0.0,0.0,11.0,0,2026-05-25 02:00:00,5.0,0.0,6.2433763,11.2433762550354,5.0
2026-05-25 02:00:00,0.0,5.0,Node1,0.0,0.0,0.0,0.0,12.0,0,2026-05-25 03:00:00,5.0,0.0,6.2059946,11.205994606018066,5.0
2026-05-25 03:00:00,0.0,5.0,Node1,0.0,0.0,0.0,0.0,13.0,0,2026-05-25 04:00:00,5.0,0.0,6.195209,11.19520902633667,5.0
2026-05-25 04:00:00,0.0,5.0,Node1,0.0,0.0,0.0,0.0,14.0,0,2026-05-25 05:00:00,5.0,0.0,6.1912913,11.191291332244873,5.0
2026-05-25 05:00:00,0.0,5.0,Node1,0.0,0.0,0.0,0.0,15.0,0,2026-05-25 06:00:00,5.0,0.0,6.171392,11.17139196395874,5.0
2026-05-25 06:00:00,0.0,5.0,Node1,0.0,0.0,0.0,0.0,16.0,0,2026-05-25 07:00:00,5.0,0.0,6.127286,11.127285957336426,5.0
2026-05-25 07:00:00,0.0,5.0,Node1,0.0,0.0,0.0,0.0,17.0,0,2026-05-25 08:00:00,5.0,0.0,6.0571346,11.057134628295898,5.0
2026-05-25 08:00:00,0.0,5.0,Node1,0.0,0.0,0.0,0.0,18.0,0,2026-05-25 09:00:00,5.0,0.0,5.962103,10.962102890014648,5.0
2026-05-25 09:00:00,0.0,5.0,Node1,0.0,0.0,0.0,0.0,19.0,0,2026-05-25 10:00:00,5.0,0.0,5.855811,10.85581111907959,5.0
2026-05-25 10:00:00,0.0,5.0,Node1,0.0,0.0,0.0,0.0,20.0,0,2026-05-25 11:00:00,5.0,0.0,5.7426887,10.742688655853271,5.0
2026-05-25 11:00:00,0.0,5.0,Node1,0.0,0.0,0.0,0.0,21.0,0,2026-05-25 12:00:00,5.0,0.0,5.597117,10.597116947174072,5.0
2026-05-25 12:00:00,0.0,5.0,Node1,0.0,0.0,0.0,0.0,22.0,0,2026-05-25 13:00:00,5.0,0.0,5.4069614,10.406961441040039,5.0
2026-05-25 13:00:00,0.0,5.0,Node1,0.0,0.0,0.0,0.0,23.0,0,2026-05-25 14:00:00,5.0,0.0,5.1571665,10.157166481018066,5.0
2026-05-25 14:00:00,0.0,5.0,Node1,0.0,0.0,0.0,0.0,24.0,0,2026-05-25 15:00:00,0.0,-5.0,4.8297606,9.829760551452637,5.0
2026-05-25 15:00:00,0.0,0.0,Node1,0.0,0.0,0.0,-5.0,25.0,0,2026-05-25 16:00:00,0.0,0.0,4.9482636,4.948263645172119,0.0
2026-05-25 16:00:00,0.0,0.0,Node1,0.0,0.0,0.0,0.0,26.0,0,2026-05-25 17:00:00,0.0,0.0,5.7117777,5.711777687072754,0.0
2026-05-25 17:00:00,0.0,0.0,Node1,0.0,0.0,0.0,0.0,27.0,0,2026-05-25 18:00:00,0.0,0.0,5.2534184,5.253418445587158,0.0
2026-05-25 18:00:00,0.0,0.0,Node1,0.0,0.0,0.0,0.0,28.0,0,2026-05-25 19:00:00,0.0,0.0,4.736093,4.736093044281006,0.0
2026-05-25 19:00:00,0.0,0.0,Node1,0.0,0.0,0.0,0.0,29.0,0,2026-05-25 20:00:00,0.0,0.0,4.240078,4.240077972412109,0.0
2026-05-25 20:00:00,0.0,0.0,Node1,0.0,0.0,0.0,0.0,30.0,0,2026-05-25 21:00:00,0.0,0.0,3.7247958,3.7247958183288574,0.0
2026-05-25 21:00:00,0.0,0.0,Node1,0.0,0.0,0.0,0.0,31.0,0,2026-05-25 22:00:00,0.0,0.0,3.1849647,3.184964656829834,0.0
2026-05-25 22:00:00,0.0,0.0,Node1,0.0,0.0,0.0,0.0,32.0,0,2026-05-25 23:00:00,0.0,0.0,2.6448894,2.6448893547058105,0.0
2026-05-25 23:00:00,0.0,0.0,Node1,0.0,0.0,0.0,0.0,33.0,0,2026-05-26 00:00:00,0.0,0.0,2.1296248,2.129624843597412,0.0
2026-05-26 00:00:00,0.0,0.0,Node1,0.0,0.0,0.0,0.0,34.0,0,2026-05-26 01:00:00,0.0,0.0,1.6561505,1.656150460243225,0.0
2026-05-26 01:00:00,0.0,0.0,Node1,0.0,0.0,0.0,0.0,35.0,0,2026-05-26 02:00:00,0.0,0.0,1.2310511,1.2310510873794556,0.0
2026-05-26 02:00:00,0.0,0.0,Node1,0.0,0.0,0.0,0.0,36.0,0,2026-05-26 03:00:00,0.0,0.0,0.8370379,0.8370379209518433,0.0
2026-05-26 03:00:00,0.0,0.0,Node1,0.0,0.0,0.0,0.0,37.0,0,2026-05-26 04:00:00,0.0,0.0,0.008783817,0.008783817291259766,0.0
2026-05-26 04:00:00,0.0,0.0,Node1,0.0,0.0,0.0,0.0,38.0,0,2026-05-26 05:00:00,0.0,0.0,-0.39202702,-0.39202702045440674,0.0
2026-05-26 05:00:00,0.0,0.0,Node1,0.0,0.0,0.0,0.0,39.0,0,2026-05-26 06:00:00,0.0,0.0,-0.728337,-0.7283369898796082,0.0
2026-05-26 06:00:00,0.0,0.0,Node1,0.0,0.0,0.0,0.0,40.0,0,2026-05-26 07:00:00,0.0,0.0,-1.0150211,-1.0150210857391357,0.0
2026-05-26 07:00:00,0.0,0.0,Node1,0.0,0.0,0.0,0.0,41.0,0,2026-05-26 08:00:00,0.0,0.0,-1.2628698,-1.2628698348999023,0.0
2026-05-26 08:00:00,0.0,0.0,Node1,0.0,0.0,0.0,0.0,42.0,0,2026-05-26 09:00:00,0.0,0.0,-1.479784,-1.4797840118408203,0.0
2026-05-26 09:00:00,0.0,0.0,Node1,0.0,0.0,0.0,0.0,43.0,0,2026-05-26 10:00:00,4.373,4.373,-1.6716365,-1.6716364622116089,0.0
2026-05-26 10:00:00,0.0,4.373,Node1,0.0,0.0,0.0,4.373,44.0,0,2026-05-26 11:00:00,1.9,-2.4730000000000003,-2.0433621,2.3296378593444826,4.373
2026-05-26 11:00:00,0.0,1.9,Node1,0.0,0.0,0.0,-2.4730000000000003,45.0,0,2026-05-26 12:00:00,4.879,2.9789999999999996,-2.385244,-0.4852438926696778,1.9
2026-05-26 12:00:00,0.0,4.879,Node1,0.0,0.0,0.0,2.9789999999999996,46.0,0,2026-05-26 13:00:00,4.879,0.0,-2.5624962,2.316503814697265,4.879
2026-05-26 13:00:00,0.0,4.879,Node1,0.0,0.0,0.0,0.0,47.0,0,2026-05-26 14:00:00,4.879,0.0,-2.8628974,2.016102603912353,4.879
2026-05-26 14:00:00,0.0,4.879,Node1,0.0,0.0,0.0,0.0,48.0,0,2026-05-26 15:00:00,0.857,-4.021999999999999,-3.0450523,1.833947710037231,4.879
2026-05-26 15:00:00,0.0,0.857,Node1,0.0,0.0,0.0,-4.021999999999999,49.0,0,2026-05-26 16:00:00,0.697,-0.16000000000000003,-3.082105,-2.225104921340942,0.857
2026-05-26 16:00:00,0.0,0.697,Node1,0.0,0.0,0.0,-0.16000000000000003,50.0,0,2026-05-26 17:00:00,0.226,-0.471,-2.9938486,-2.2968485622406005,0.697
2026-05-26 17:00:00,0.0,0.226,Node1,0.0,0.0,0.0,-0.471,51.0,0,2026-05-26 18:00:00,0.153,-0.07300000000000001,-3.0373392,-2.811339210510254,0.226
2026-05-26 18:00:00,0.0,0.153,Node1,0.0,0.0,0.0,-0.07300000000000001,52.0,0,2026-05-26 19:00:00,0.821,0.6679999999999999,-3.0924983,-2.9394983024597168,0.153
2026-05-26 19:00:00,0.0,0.821,Node1,0.0,0.0,0.0,0.6679999999999999,53.0,0,2026-05-26 20:00:00,0.273,-0.5479999999999999,-3.173571,-2.352571109771729,0.821
2026-05-26 20:00:00,0.0,0.273,Node1,0.0,0.0,0.0,-0.5479999999999999,54.0,0,2026-05-26 21:00:00,0.091,-0.18200000000000002,-3.2453513,-2.9723513145446776,0.273
2026-05-26 21:00:00,0.0,0.091,Node1,0.0,0.0,0.0,-0.18200000000000002,55.0,0,2026-05-26 22:00:00,0.068,-0.022999999999999993,-3.2606814,-3.169681390762329,0.091
2026-05-26 22:00:00,0.0,0.068,Node1,0.0,0.0,0.0,-0.022999999999999993,56.0,0,2026-05-26 23:00:00,0.068,0.0,-3.1662698,-3.098269779205322,0.068
2026-05-26 23:00:00,0.0,0.068,Node1,0.0,0.0,0.0,0.0,57.0,0,2026-05-27 00:00:00,0.068,0.0,-3.2108018,-3.142801839828491,0.068
2026-05-27 00:00:00,0.0,0.068,Node1,0.0,0.0,0.0,0.0,58.0,0,2026-05-27 01:00:00,0.0,-0.068,-3.144101,-3.0761009044647216,0.068
2026-05-27 01:00:00,0.0,0.0,Node1,0.0,0.0,0.0,-0.068,59.0,0,2026-05-27 02:00:00,0.0,0.0,-3.1200995,-3.1200995445251465,0.0
2026-05-27 02:00:00,0.0,0.0,Node1,0.0,0.0,0.0,0.0,60.0,0,2026-05-27 03:00:00,0.0,0.0,-3.0977712,-3.097771167755127,0.0
2026-05-27 03:00:00,0.0,0.0,Node1,0.0,0.0,0.0,0.0,61.0,0,2026-05-27 04:00:00,0.0,0.0,-3.1643558,-3.164355754852295,0.0
2026-05-27 04:00:00,0.0,0.0,Node1,0.0,0.0,0.0,0.0,62.0,0,2026-05-27 05:00:00,0.0,0.0,-3.1802838,-3.180283784866333,0.0
2026-05-27 05:00:00,0.0,0.0,Node1,0.0,0.0,0.0,0.0,63.0,0,2026-05-27 06:00:00,0.0,0.0,-3.2003744,-3.2003743648529053,0.0
2026-05-27 06:00:00,0.0,0.0,Node1,0.0,0.0,0.0,0.0,64.0,0,2026-05-27 07:00:00,0.0,0.0,-3.2118268,-3.211826801300049,0.0
2026-05-27 07:00:00,0.0,0.0,Node1,0.0,0.0,0.0,0.0,65.0,0,2026-05-27 08:00:00,0.0,0.0,-3.2077262,-3.207726240158081,0.0
2026-05-27 08:00:00,0.0,0.0,Node1,0.0,0.0,0.0,0.0,66.0,0,2026-05-27 09:00:00,2.031,2.031,-3.2183475,-3.2183475494384766,0.0
2026-05-27 09:00:00,1.6600000000000001,2.031,Node1,1.6600000000000001,1.6600000000000001,1.6600000000000001,2.031,67.0,0,2026-05-27 10:00:00,2.309,0.278,-3.1673336,-1.1363336029052733,2.031
2026-05-27 10:00:00,0.0,2.309,Node1,-1.6600000000000001,0.0,1.6600000000000001,0.278,68.0,0,2026-05-27 11:00:00,2.075,-0.23399999999999999,-3.027258,-0.7182579193115233,2.309
2026-05-27 11:00:00,0.0,2.075,Node1,0.0,0.0,1.6600000000000001,-0.23399999999999999,69.0,0,2026-05-27 12:00:00,2.075,0.0,-3.1686492,-1.0936491966247557,2.075
2026-05-27 12:00:00,0.0,2.075,Node1,0.0,0.0,1.6600000000000001,0.0,70.0,0,2026-05-27 13:00:00,2.075,0.0,-3.2072244,-1.132224369049072,2.075
2026-05-27 13:00:00,0.0,2.075,Node1,0.0,0.0,1.6600000000000001,0.0,71.0,0,2026-05-27 14:00:00,1.098,-0.9770000000000001,-3.2249951,-1.1499951362609862,2.075
2026-05-27 14:00:00,0.0,1.098,Node1,0.0,0.0,1.6600000000000001,-0.9770000000000001,72.0,0,2026-05-27 15:00:00,1.098,0.0,-3.2072864,-2.109286357879639,1.098
2026-05-27 15:00:00,0.0,1.098,Node1,0.0,0.0,1.6600000000000001,0.0,73.0,0,2026-05-27 16:00:00,0.514,-0.5840000000000001,-3.1874704,-2.0894704360961915,1.098
2026-05-27 16:00:00,1.5870000000000002,0.514,Node1,1.5870000000000002,1.5870000000000002,3.2470000000000003,-0.5840000000000001,74.0,0,2026-05-27 17:00:00,0.566,0.051999999999999935,-3.0615973,-2.5475973472595212,0.514
2026-05-27 17:00:00,0.21538461538461537,0.566,Node1,-1.371615384615385,0.21538461538461537,3.462384615384616,0.051999999999999935,75.0,0,2026-05-27 18:00:00,0.522,-0.04399999999999993,-2.8607223,-2.294722303390503,0.566
2026-05-27 18:00:00,0.4666666666666666,0.522,Node1,0.2512820512820513,0.4666666666666666,3.9290512820512826,-0.04399999999999993,76.0,0,2026-05-27 19:00:00,0.473,-0.049000000000000044,-2.9265382,-2.404538228988647,0.522
2026-05-27 19:00:00,1.986923076923077,0.473,Node1,1.5202564102564105,1.986923076923077,5.91597435897436,-0.049000000000000044,77.0,0,2026-05-27 20:00:00,0.047,-0.426,-2.7950184,-2.3220184345245363,0.473
2026-05-27 20:00:00,0.3499999999999999,0.047,Node1,-1.6369230769230771,0.3499999999999999,6.2659743589743595,-0.426,78.0,0,2026-05-27 21:00:00,0.0,-0.047,-2.6041188,-2.557118824005127,0.047
2026-05-27 21:00:00,0.0,0.0,Node1,-0.3499999999999999,0.0,6.2659743589743595,-0.047,79.0,0,2026-05-27 22:00:00,0.383,0.383,-2.7472625,-2.747262477874756,0.0
2026-05-27 22:00:00,0.0,0.383,Node1,0.0,0.0,6.2659743589743595,0.383,80.0,0,2026-05-27 23:00:00,0.383,0.0,-2.833394,-2.4503940505981445,0.383
2026-05-27 23:00:00,0.0,0.383,Node1,0.0,0.0,6.2659743589743595,0.0,81.0,0,2026-05-28 00:00:00,0.383,0.0,-2.8797126,-2.4967125816345215,0.383
2026-05-28 00:00:00,0.0,0.383,Node1,0.0,0.0,6.2659743589743595,0.0,82.0,0,2026-05-28 01:00:00,0.0,-0.383,-2.9005466,-2.5175465507507324,0.383
2026-05-28 01:00:00,0.0,0.0,Node1,0.0,0.0,6.2659743589743595,-0.383,83.0,0,2026-05-28 02:00:00,0.0,0.0,-2.9006863,-2.900686264038086,0.0
2026-05-28 02:00:00,0.0,0.0,Node1,0.0,0.0,6.2659743589743595,0.0,84.0,0,2026-05-28 03:00:00,0.0,0.0,-2.9061027,-2.9061026573181152,0.0
2026-05-28 03:00:00,0.0,0.0,Node1,0.0,0.0,6.2659743589743595,0.0,85.0,0,2026-05-28 04:00:00,0.0,0.0,-2.9076376,-2.907637596130371,0.0
2026-05-28 04:00:00,0.0,0.0,Node1,0.0,0.0,6.2659743589743595,0.0,86.0,0,2026-05-28 05:00:00,0.0,0.0,-2.9400623,-2.9400622844696045,0.0
2026-05-28 05:00:00,0.0,0.0,Node1,0.0,0.0,6.2659743589743595,0.0,87.0,0,2026-05-28 06:00:00,0.0,0.0,-2.9308307,-2.930830717086792,0.0
2026-05-28 06:00:00,0.0,0.0,Node1,0.0,0.0,6.2659743589743595,0.0,88.0,0,2026-05-28 07:00:00,0.0,0.0,-2.9272008,-2.9272007942199707,0.0
2026-05-28 07:00:00,0.0,0.0,Node1,0.0,0.0,6.2659743589743595,0.0,89.0,0,2026-05-28 08:00:00,0.0,0.0,-2.9486356,-2.9486355781555176,0.0
2026-05-28 08:00:00,0.0,0.0,Node1,0.0,0.0,6.2659743589743595,0.0,90.0,0,2026-05-28 09:00:00,0.0,0.0,-2.9369721,-2.936972141265869,0.0
2026-05-28 09:00:00,0.0,0.0,Node1,0.0,0.0,6.2659743589743595,0.0,91.0,0,2026-05-28 10:00:00,2.011,2.011,-2.920094,-2.9200940132141113,0.0
2026-05-28 10:00:00,0.0,2.011,Node1,0.0,0.0,6.2659743589743595,2.011,92.0,0,2026-05-28 11:00:00,2.011,0.0,-2.9543176,-0.9433175697326659,2.011
2026-05-28 11:00:00,0.0,2.011,Node1,0.0,0.0,6.2659743589743595,0.0,93.0,0,2026-05-28 12:00:00,2.011,0.0,-2.97329,-0.9622899665832518,2.011
2026-05-28 12:00:00,0.0,2.011,Node1,0.0,0.0,6.2659743589743595,0.0,94.0,0,2026-05-28 13:00:00,2.596,0.585,-2.9464083,-0.9354082717895507,2.011
2026-05-28 13:00:00,0.0,2.596,Node1,0.0,0.0,6.2659743589743595,0.585,95.0,0,2026-05-28 14:00:00,2.596,0.0,-2.94087,-0.3448700466156005,2.596
2026-05-28 14:00:00,0.0,2.596,Node1,0.0,0.0,6.2659743589743595,0.0,96.0,0,2026-05-28 15:00:00,2.596,0.0,-2.929122,-0.333121971130371,2.596
2026-05-28 15:00:00,0.0,2.596,Node1,0.0,0.0,6.2659743589743595,0.0,97.0,0,2026-05-28 16:00:00,1.71,-0.8860000000000001,-2.9052534,-0.3092534103393554,2.596
2026-05-28 16:00:00,0.0,1.71,Node1,0.0,0.0,6.2659743589743595,-0.8860000000000001,98.0,0,2026-05-28 17:00:00,1.71,0.0,-2.8647008,-1.1547007942199707,1.71
2026-05-28 17:00:00,0.0,1.71,Node1,0.0,0.0,6.2659743589743595,0.0,99.0,0,2026-05-28 18:00:00,0.882,-0.828,-2.8289447,-1.1189446830749512,1.71
2026-05-28 18:00:00,0.0,0.882,Node1,0.0,0.0,6.2659743589743595,-0.828,100.0,0,2026-05-28 19:00:00,0.747,-0.135,-2.7964783,-1.9144782714843749,0.882
2026-05-28 19:00:00,0.0,0.747,Node1,0.0,0.0,6.2659743589743595,-0.135,101.0,0,2026-05-28 20:00:00,0.645,-0.10199999999999998,-2.7635248,-2.0165247707366944,0.747
2026-05-28 20:00:00,0.0,0.645,Node1,0.0,0.0,6.2659743589743595,-0.10199999999999998,102.0,0,2026-05-28 21:00:00,1.662,1.017,-2.7501132,-2.1051132488250732,0.645
2026-05-28 21:00:00,0.0,1.662,Node1,0.0,0.0,6.2659743589743595,1.017,103.0,0,2026-05-28 22:00:00,1.662,0.0,-2.7620738,-1.1000737552642823,1.662
2026-05-28 22:00:00,0.0,1.662,Node1,0.0,0.0,6.2659743589743595,0.0,104.0,0,2026-05-28 23:00:00,1.662,0.0,-2.7601256,-1.0981256370544434,1.662
2026-05-28 23:00:00,0.0,1.662,Node1,0.0,0.0,6.2659743589743595,0.0,105.0,0,2026-05-29 00:00:00,5.0,3.338,-2.7481236,-1.0861236457824708,1.662
2026-05-29 00:00:00,0.0,5.0,Node1,0.0,0.0,6.2659743589743595,3.338,106.0,0,2026-05-29 01:00:00,5.0,0.0,-2.801465,2.1985349655151367,5.0
2026-05-29 01:00:00,0.0,5.0,Node1,0.0,0.0,6.2659743589743595,0.0,107.0,0,2026-05-29 02:00:00,5.0,0.0,-2.841394,2.1586060523986816,5.0
2026-05-29 02:00:00,0.0,5.0,Node1,0.0,0.0,6.2659743589743595,0.0,108.0,0,2026-05-29 03:00:00,0.0,-5.0,-2.8171134,2.1828866004943848,5.0
2026-05-29 03:00:00,0.0,0.0,Node1,0.0,0.0,6.2659743589743595,-5.0,109.0,0,2026-05-29 04:00:00,0.0,0.0,-2.7268696,-2.726869583129883,0.0
2026-05-29 04:00:00,0.0,0.0,Node1,0.0,0.0,6.2659743589743595,0.0,110.0,0,2026-05-29 05:00:00,0.0,0.0,-2.626316,-2.6263160705566406,0.0
2026-05-29 05:00:00,0.0,0.0,Node1,0.0,0.0,6.2659743589743595,0.0,111.0,0,2026-05-29 06:00:00,0.0,0.0,-2.6288867,-2.6288866996765137,0.0
2026-05-29 06:00:00,0.0,0.0,Node1,0.0,0.0,6.2659743589743595,0.0,112.0,0,2026-05-29 07:00:00,0.0,0.0,-2.62413,-2.6241300106048584,0.0
2026-05-29 07:00:00,0.0,0.0,Node1,0.0,0.0,6.2659743589743595,0.0,113.0,0,2026-05-29 08:00:00,0.0,0.0,-2.6195798,-2.619579792022705,0.0
2026-05-29 08:00:00,0.0,0.0,Node1,0.0,0.0,6.2659743589743595,0.0,114.0,0,2026-05-29 09:00:00,1.958,1.958,-2.618247,-2.6182470321655273,0.0
2026-05-29 09:00:00,0.0,1.958,Node1,0.0,0.0,6.2659743589743595,1.958,115.0,0,2026-05-29 10:00:00,1.958,0.0,-2.6410446,-0.6830446166992188,1.958
2026-05-29 10:00:00,0.0,1.958,Node1,0.0,0.0,6.2659743589743595,0.0,116.0,0,2026-05-29 11:00:00,1.958,0.0,-2.6751616,-0.7171616001129151,1.958
2026-05-29 11:00:00,0.0,1.958,Node1,0.0,0.0,6.2659743589743595,0.0,117.0,0,2026-05-29 12:00:00,2.643,0.6849999999999998,-2.673093,-0.7150930805206299,1.958
2026-05-29 12:00:00,0.0,2.643,Node1,0.0,0.0,6.2659743589743595,0.6849999999999998,118.0,0,2026-05-29 13:00:00,2.643,0.0,-2.6650028,-0.02200282287597677,2.643
2026-05-29 13:00:00,0.0,2.643,Node1,0.0,0.0,6.2659743589743595,0.0,119.0,0,2026-05-29 14:00:00,2.643,0.0,-2.6721795,-0.0291794605255129,2.643
2026-05-29 14:00:00,0.0,2.643,Node1,0.0,0.0,6.2659743589743595,0.0,120.0,0,2026-05-29 15:00:00,2.134,-0.5089999999999999,-2.6576676,-0.014667636871338097,2.643
2026-05-29 15:00:00,0.0,2.134,Node1,0.0,0.0,6.2659743589743595,-0.5089999999999999,121.0,0,2026-05-29 16:00:00,1.269,-0.865,-2.670466,-0.5364659461975099,2.134
2026-05-29 16:00:00,0.0,1.269,Node1,0.0,0.0,6.2659743589743595,-0.865,122.0,0,2026-05-29 17:00:00,4.461,3.192,-2.6489158,-1.3799157676696778,1.269
2026-05-29 17:00:00,0.0,4.461,Node1,0.0,0.0,6.2659743589743595,3.192,123.0,0,2026-05-29 18:00:00,5.0,0.5389999999999997,-2.6597042,1.8012957916259769,4.461
2026-05-29 18:00:00,0.0,5.0,Node1,0.0,0.0,6.2659743589743595,0.5389999999999997,124.0,0,2026-05-29 19:00:00,5.0,0.0,-2.713071,2.28692889213562,5.0
2026-05-29 19:00:00,0.0,5.0,Node1,0.0,0.0,6.2659743589743595,0.0,125.0,0,2026-05-29 20:00:00,5.0,0.0,-2.7088737,2.291126251220703,5.0
2026-05-29 20:00:00,0.0,5.0,Node1,0.0,0.0,6.2659743589743595,0.0,126.0,0,2026-05-29 21:00:00,5.0,0.0,-2.706263,2.2937369346618652,5.0
2026-05-29 21:00:00,0.0,5.0,Node1,0.0,0.0,6.2659743589743595,0.0,127.0,0,2026-05-29 22:00:00,5.0,0.0,-2.6960046,2.303995370864868,5.0
2026-05-29 22:00:00,0.0,5.0,Node1,0.0,0.0,6.2659743589743595,0.0,128.0,0,2026-05-29 23:00:00,5.0,0.0,-2.692772,2.3072280883789062,5.0
2026-05-29 23:00:00,0.0,5.0,Node1,0.0,0.0,6.2659743589743595,0.0,129.0,0,2026-05-30 00:00:00,5.0,0.0,-2.690741,2.3092589378356934,5.0
2026-05-30 00:00:00,0.0,5.0,Node1,0.0,0.0,6.2659743589743595,0.0,130.0,0,2026-05-30 01:00:00,5.0,0.0,-2.686139,2.3138608932495117,5.0
2026-05-30 01:00:00,0.0,5.0,Node1,0.0,0.0,6.2659743589743595,0.0,131.0,0,2026-05-30 02:00:00,5.0,0.0,-2.68371,2.3162899017333984,5.0
2026-05-30 02:00:00,0.0,5.0,Node1,0.0,0.0,6.2659743589743595,0.0,132.0,0,2026-05-30 03:00:00,5.0,0.0,-2.6806934,2.3193066120147705,5.0
2026-05-30 03:00:00,0.0,5.0,Node1,0.0,0.0,6.2659743589743595,0.0,133.0,0,2026-05-30 04:00:00,5.0,0.0,-2.6796904,2.320309638977051,5.0
2026-05-30 04:00:00,0.0,5.0,Node1,0.0,0.0,6.2659743589743595,0.0,134.0,0,2026-05-30 05:00:00,5.0,0.0,-2.684567,2.3154330253601074,5.0
2026-05-30 05:00:00,0.0,5.0,Node1,0.0,0.0,6.2659743589743595,0.0,135.0,0,2026-05-30 06:00:00,0.466,-4.534,-2.676478,2.3235220909118652,5.0
2026-05-30 06:00:00,0.0,0.466,Node1,0.0,0.0,6.2659743589743595,-4.534,136.0,0,2026-05-30 07:00:00,0.466,0.0,-2.6722589,-2.2062588539123533,0.466
2026-05-30 07:00:00,0.0,0.466,Node1,0.0,0.0,6.2659743589743595,0.0,137.0,0,2026-05-30 08:00:00,0.466,0.0,-2.594883,-2.1288829650878904,0.466
2026-05-30 08:00:00,0.0,0.466,Node1,0.0,0.0,6.2659743589743595,0.0,138.0,0,2026-05-30 09:00:00,1.866,1.4000000000000001,-2.6073554,-2.1413553562164305,0.466
2026-05-30 09:00:00,0.0,1.866,Node1,0.0,0.0,6.2659743589743595,1.4000000000000001,139.0,0,2026-05-30 10:00:00,1.608,-0.258,-2.6087637,-0.7427636947631835,1.866
2026-05-30 10:00:00,0.0,1.608,Node1,0.0,0.0,6.2659743589743595,-0.258,140.0,0,2026-05-30 11:00:00,2.521,0.9129999999999998,-2.6321702,-1.0241702003479003,1.608
2026-05-30 11:00:00,0.0,2.521,Node1,0.0,0.0,6.2659743589743595,0.9129999999999998,141.0,0,2026-05-30 12:00:00,2.314,-0.20699999999999985,-2.6252623,-0.10426226043701181,2.521
2026-05-30 12:00:00,0.0,2.314,Node1,0.0,0.0,6.2659743589743595,-0.20699999999999985,142.0,0,2026-05-30 13:00:00,1.898,-0.41600000000000015,-2.641329,-0.32732905006408686,2.314
2026-05-30 13:00:00,0.0,1.898,Node1,0.0,0.0,6.2659743589743595,-0.41600000000000015,143.0,0,2026-05-30 14:00:00,1.898,0.0,-2.6357825,-0.7377824802398683,1.898
2026-05-30 14:00:00,0.0,1.898,Node1,0.0,0.0,6.2659743589743595,0.0,144.0,0,2026-05-30 15:00:00,1.254,-0.6439999999999999,-2.6297965,-0.7317965049743653,1.898
2026-05-30 15:00:00,0.0,1.254,Node1,0.0,0.0,6.2659743589743595,-0.6439999999999999,145.0,0,2026-05-30 16:00:00,0.8,-0.45399999999999996,-2.6317015,-1.3777014694213867,1.254
2026-05-30 16:00:00,0.0,0.8,Node1,0.0,0.0,6.2659743589743595,-0.45399999999999996,146.0,0,2026-05-30 17:00:00,0.858,0.05799999999999994,-2.6208153,-1.8208152770996093,0.8
2026-05-30 17:00:00,0.0,0.858,Node1,0.0,0.0,6.2659743589743595,0.05799999999999994,147.0,0,2026-05-30 18:00:00,0.858,0.0,-2.6073687,-1.7493687076568603,0.858
2026-05-30 18:00:00,0.0,0.858,Node1,0.0,0.0,6.2659743589743595,0.0,148.0,0,2026-05-30 19:00:00,0.858,0.0,-2.6196682,-1.7616682453155517,0.858
2026-05-30 19:00:00,0.0,0.858,Node1,0.0,0.0,6.2659743589743595,0.0,149.0,0,2026-05-30 20:00:00,0.534,-0.32399999999999995,-2.6189742,-1.760974208831787,0.858
2026-05-30 20:00:00,0.0,0.534,Node1,0.0,0.0,6.2659743589743595,-0.32399999999999995,150.0,0,2026-05-30 21:00:00,0.534,0.0,-2.6209936,-2.0869936141967775,0.534
2026-05-30 21:00:00,0.0,0.534,Node1,0.0,0.0,6.2659743589743595,0.0,151.0,0,2026-05-30 22:00:00,0.534,0.0,-2.6118665,-2.0778664741516115,0.534
2026-05-30 22:00:00,0.0,0.534,Node1,0.0,0.0,6.2659743589743595,0.0,152.0,0,2026-05-30 23:00:00,0.0,-0.534,-2.6137629,-2.0797628555297853,0.534
2026-05-30 23:00:00,0.0,0.0,Node1,0.0,0.0,6.2659743589743595,-0.534,153.0,0,2026-05-31 00:00:00,0.0,0.0,-2.612254,-2.6122539043426514,0.0
2026-05-31 00:00:00,0.0,0.0,Node1,0.0,0.0,6.2659743589743595,0.0,154.0,0,2026-05-31 01:00:00,0.0,0.0,-2.6022987,-2.6022987365722656,0.0
2026-05-31 01:00:00,0.0,0.0,Node1,0.0,0.0,6.2659743589743595,0.0,155.0,0,2026-05-31 02:00:00,5.0,5.0,-2.6034074,-2.603407382965088,0.0
2026-05-31 02:00:00,0.0,5.0,Node1,0.0,0.0,6.2659743589743595,5.0,156.0,0,2026-05-31 03:00:00,5.0,0.0,-2.5845923,2.415407657623291,5.0
2026-05-31 03:00:00,0.0,5.0,Node1,0.0,0.0,6.2659743589743595,0.0,157.0,0,2026-05-31 04:00:00,5.0,0.0,-2.6586313,2.3413686752319336,5.0
2026-05-31 04:00:00,0.0,5.0,Node1,0.0,0.0,6.2659743589743595,0.0,158.0,0,2026-05-31 05:00:00,0.0,-5.0,-2.6415992,2.358400821685791,5.0
2026-05-31 05:00:00,0.0,0.0,Node1,0.0,0.0,6.2659743589743595,-5.0,159.0,0,2026-05-31 06:00:00,0.0,0.0,-2.66359,-2.6635899543762207,0.0
2026-05-31 06:00:00,0.0,0.0,Node1,0.0,0.0,6.2659743589743595,0.0,160.0,0,2026-05-31 07:00:00,0.0,0.0,-2.5780516,-2.5780515670776367,0.0
2026-05-31 07:00:00,0.0,0.0,Node1,0.0,0.0,6.2659743589743595,0.0,161.0,0,2026-05-31 08:00:00,1.944,1.944,-2.5887208,-2.5887207984924316,0.0
2026-05-31 08:00:00,0.0,1.944,Node1,0.0,0.0,6.2659743589743595,1.944,162.0,0,2026-05-31 09:00:00,2.057,0.11299999999999999,-2.5774736,-0.6334736404418946,1.944
2026-05-31 09:00:00,0.0,2.057,Node1,0.0,0.0,6.2659743589743595,0.11299999999999999,163.0,0,2026-05-31 10:00:00,2.835,0.778,-2.6054971,-0.5484971218109131,2.057
2026-05-31 10:00:00,0.0,2.835,Node1,0.0,0.0,6.2659743589743595,0.778,164.0,0,2026-05-31 11:00:00,2.614,-0.22100000000000009,-2.5943627,0.24063726425170895,2.835
2026-05-31 11:00:00,0.0,2.614,Node1,0.0,0.0,6.2659743589743595,-0.22100000000000009,165.0,0,2026-05-31 12:00:00,2.812,0.19799999999999995,-2.604745,0.009255088806152223,2.614
2026-05-31 12:00:00,0.0,2.812,Node1,0.0,0.0,6.2659743589743595,0.19799999999999995,166.0,0,2026-05-31 13:00:00,2.812,0.0,-2.594353,0.21764703941345198,2.812
2026-05-31 13:00:00,0.0,2.812,Node1,0.0,0.0,6.2659743589743595,0.0,167.0,0,2026-05-31 14:00:00,2.812,0.0,-2.6004868,0.21151324462890608,2.812
2026-05-31 14:00:00,0.0,2.812,Node1,0.0,0.0,6.2659743589743595,0.0,168.0,0,2026-05-31 15:00:00,1.885,-0.9269999999999998,-2.5923424,0.21965762329101546,2.812
2026-05-31 15:00:00,0.0,1.885,Node1,0.0,0.0,6.2659743589743595,-0.9269999999999998,169.0,0,2026-05-31 16:00:00,1.885,0.0,-2.5948174,-0.7098173999786377,1.885
2026-05-31 16:00:00,0.0,1.885,Node1,0.0,0.0,6.2659743589743595,0.0,170.0,0,2026-05-31 17:00:00,1.885,0.0,-2.5693445,-0.6843445205688476,1.885
2026-05-31 17:00:00,0.0,1.885,Node1,0.0,0.0,6.2659743589743595,0.0,171.0,0,2026-05-31 18:00:00,1.038,-0.847,-2.5738084,-0.6888084316253662,1.885
2026-05-31 18:00:00,0.0,1.038,Node1,0.0,0.0,6.2659743589743595,-0.847,172.0,0,2026-05-31 19:00:00,1.038,0.0,-2.5759046,-1.5379046077728271,1.038
2026-05-31 19:00:00,0.0,1.038,Node1,0.0,0.0,6.2659743589743595,0.0,173.0,0,2026-05-31 20:00:00,1.038,0.0,-2.5615714,-1.5235713596343994,1.038
2026-05-31 20:00:00,0.0,1.038,Node1,0.0,0.0,6.2659743589743595,0.0,174.0,0,2026-05-31 21:00:00,0.386,-0.652,-2.5591137,-1.5211137409210205,1.038
2026-05-31 21:00:00,0.0,0.386,Node1,0.0,0.0,6.2659743589743595,-0.652,175.0,0,2026-05-31 22:00:00,0.386,0.0,-2.5614004,-2.1754004135131835,0.386
2026-05-31 22:00:00,0.0,0.386,Node1,0.0,0.0,6.2659743589743595,0.0,176.0,0,2026-05-31 23:00:00,0.386,0.0,-2.5470428,-2.1610428466796874,0.386
2026-05-31 23:00:00,0.0,0.386,Node1,0.0,0.0,6.2659743589743595,0.0,177.0,0,2026-06-01 00:00:00,0.425,0.03899999999999998,-2.546108,-2.16010800743103,0.386
2026-06-01 00:00:00,0.0,0.425,Node1,0.0,0.0,6.2659743589743595,0.03899999999999998,178.0,0,2026-06-01 01:00:00,0.425,0.0,-2.5425549,-2.11755485534668,0.425
2026-06-01 01:00:00,0.0,0.425,Node1,0.0,0.0,6.2659743589743595,0.0,179.0,0,2026-06-01 02:00:00,0.425,0.0,-2.5399623,-2.1149622917175295,0.425
2026-06-01 02:00:00,0.0,0.425,Node1,0.0,0.0,6.2659743589743595,0.0,180.0,0,2026-06-01 03:00:00,0.0,-0.425,-2.53531,-2.1103100299835207,0.425
2026-06-01 03:00:00,0.0,0.0,Node1,0.0,0.0,6.2659743589743595,-0.425,181.0,0,2026-06-01 04:00:00,0.0,0.0,-2.5357451,-2.535745143890381,0.0
2026-06-01 04:00:00,0.0,0.0,Node1,0.0,0.0,6.2659743589743595,0.0,182.0,0,2026-06-01 05:00:00,0.0,0.0,-2.5255175,-2.525517463684082,0.0
2026-06-01 05:00:00,0.0,0.0,Node1,0.0,0.0,6.2659743589743595,0.0,183.0,0,2026-06-01 06:00:00,0.266,0.266,-2.521966,-2.521965980529785,0.0
2026-06-01 06:00:00,0.0,0.266,Node1,0.0,0.0,6.2659743589743595,0.266,184.0,0,2026-06-01 07:00:00,1.037,0.7709999999999999,-2.5169215,-2.2509215202331543,0.266
2026-06-01 07:00:00,0.0,1.037,Node1,0.0,0.0,6.2659743589743595,0.7709999999999999,185.0,0,2026-06-01 08:00:00,1.238,0.20100000000000007,-2.5113704,-1.4743704204559327,1.037
2026-05-25 01:00:00,0.0,15.0,Node2,0.0,0.0,0.0,0.0,11.0,0,2026-05-25 02:00:00,15.0,0.0,1.6102751,16.610275149345398,15.0
2026-05-25 02:00:00,0.0,15.0,Node2,0.0,0.0,0.0,0.0,12.0,0,2026-05-25 03:00:00,15.0,0.0,1.37775,16.377750039100647,15.0
2026-05-25 03:00:00,0.0,15.0,Node2,0.0,0.0,0.0,0.0,13.0,0,2026-05-25 04:00:00,15.0,0.0,1.1346756,16.13467562198639,15.0
2026-05-25 04:00:00,0.0,15.0,Node2,0.0,0.0,0.0,0.0,14.0,0,2026-05-25 05:00:00,15.0,0.0,0.8761445,15.876144528388977,15.0
2026-05-25 05:00:00,0.0,15.0,Node2,0.0,0.0,0.0,0.0,15.0,0,2026-05-25 06:00:00,15.0,0.0,0.59639335,15.596393346786499,15.0
2026-05-25 06:00:00,0.0,15.0,Node2,0.0,0.0,0.0,0.0,16.0,0,2026-05-25 07:00:00,15.0,0.0,0.2890942,15.28909420967102,15.0
2026-05-25 07:00:00,0.0,15.0,Node2,0.0,0.0,0.0,0.0,17.0,0,2026-05-25 08:00:00,15.0,0.0,-0.052006364,14.947993636131287,15.0
2026-05-25 08:00:00,0.0,15.0,Node2,0.0,0.0,0.0,0.0,18.0,0,2026-05-25 09:00:00,15.0,0.0,-0.4319573,14.568042695522308,15.0
2026-05-25 09:00:00,0.0,15.0,Node2,0.0,0.0,0.0,0.0,19.0,0,2026-05-25 10:00:00,15.0,0.0,-0.8528836,14.147116422653198,15.0
2026-05-25 10:00:00,0.0,15.0,Node2,0.0,0.0,0.0,0.0,20.0,0,2026-05-25 11:00:00,15.0,0.0,-1.3118275,13.688172459602356,15.0
2026-05-25 11:00:00,0.0,15.0,Node2,0.0,0.0,0.0,0.0,21.0,0,2026-05-25 12:00:00,15.0,0.0,-1.7988874,13.201112627983093,15.0
2026-05-25 12:00:00,0.0,15.0,Node2,0.0,0.0,0.0,0.0,22.0,0,2026-05-25 13:00:00,15.0,0.0,-2.2969456,12.703054428100586,15.0
2026-05-25 13:00:00,0.0,15.0,Node2,0.0,0.0,0.0,0.0,23.0,0,2026-05-25 14:00:00,15.0,0.0,-2.784274,12.215725898742676,15.0
2026-05-25 14:00:00,0.0,15.0,Node2,0.0,0.0,0.0,0.0,24.0,0,2026-05-25 15:00:00,15.0,0.0,-3.2396474,11.760352611541748,15.0
2026-05-25 15:00:00,0.0,15.0,Node2,0.0,0.0,0.0,0.0,25.0,0,2026-05-25 16:00:00,15.0,0.0,-3.6474729,11.352527141571045,15.0
2026-05-25 16:00:00,0.0,15.0,Node2,0.0,0.0,0.0,0.0,26.0,0,2026-05-25 17:00:00,15.0,0.0,-4.000176,10.999824047088623,15.0
2026-05-25 17:00:00,0.0,15.0,Node2,0.0,0.0,0.0,0.0,27.0,0,2026-05-25 18:00:00,15.0,0.0,-4.297299,10.702701091766357,15.0
2026-05-25 18:00:00,0.0,15.0,Node2,0.0,0.0,0.0,0.0,28.0,0,2026-05-25 19:00:00,15.0,0.0,-4.542909,10.457090854644775,15.0
2026-05-25 19:00:00,0.0,15.0,Node2,0.0,0.0,0.0,0.0,29.0,0,2026-05-25 20:00:00,15.0,0.0,-4.7430787,10.256921291351318,15.0
2026-05-25 20:00:00,0.0,15.0,Node2,0.0,0.0,0.0,0.0,30.0,0,2026-05-25 21:00:00,15.0,0.0,-4.9042363,10.095763683319092,15.0
2026-05-25 21:00:00,0.0,15.0,Node2,0.0,0.0,0.0,0.0,31.0,0,2026-05-25 22:00:00,15.0,0.0,-5.032356,9.967644214630127,15.0
2026-05-25 22:00:00,0.0,15.0,Node2,0.0,0.0,0.0,0.0,32.0,0,2026-05-25 23:00:00,15.0,0.0,-5.132694,9.867306232452393,15.0
2026-05-25 23:00:00,0.0,15.0,Node2,0.0,0.0,0.0,0.0,33.0,0,2026-05-26 00:00:00,15.0,0.0,-5.209787,9.790213108062744,15.0
2026-05-26 00:00:00,0.0,15.0,Node2,0.0,0.0,0.0,0.0,34.0,0,2026-05-26 01:00:00,15.0,0.0,-5.267537,9.732462882995605,15.0
2026-05-26 01:00:00,0.0,15.0,Node2,0.0,0.0,0.0,0.0,35.0,0,2026-05-26 02:00:00,15.0,0.0,-5.3093176,9.690682411193848,15.0
2026-05-26 02:00:00,0.0,15.0,Node2,0.0,0.0,0.0,0.0,36.0,0,2026-05-26 03:00:00,15.0,0.0,-5.3380446,9.6619553565979,15.0
2026-05-26 03:00:00,0.0,15.0,Node2,0.0,0.0,0.0,0.0,37.0,0,2026-05-26 04:00:00,15.0,0.0,-5.3562374,9.643762588500977,15.0
2026-05-26 04:00:00,0.0,15.0,Node2,0.0,0.0,0.0,0.0,38.0,0,2026-05-26 05:00:00,15.0,0.0,-5.366043,9.633956909179688,15.0
2026-05-26 05:00:00,0.0,15.0,Node2,0.0,0.0,0.0,0.0,39.0,0,2026-05-26 06:00:00,15.0,0.0,-5.369263,9.630736827850342,15.0
2026-05-26 06:00:00,0.0,15.0,Node2,0.0,0.0,0.0,0.0,40.0,0,2026-05-26 07:00:00,15.0,0.0,-5.367369,9.632630825042725,15.0
2026-05-26 07:00:00,0.0,15.0,Node2,0.0,0.0,0.0,0.0,41.0,0,2026-05-26 08:00:00,15.0,0.0,-5.361522,9.638477802276611,15.0
2026-05-26 08:00:00,0.0,15.0,Node2,0.0,0.0,0.0,0.0,42.0,0,2026-05-26 09:00:00,15.0,0.0,-5.3525996,9.647400379180908,15.0
2026-05-26 09:00:00,0.0,15.0,Node2,0.0,0.0,0.0,0.0,43.0,0,2026-05-26 10:00:00,15.0,0.0,-5.3412285,9.658771514892578,15.0
2026-05-26 10:00:00,0.0,15.0,Node2,0.0,0.0,0.0,0.0,44.0,0,2026-05-26 11:00:00,15.0,0.0,-5.3278236,9.672176361083984,15.0
2026-05-26 11:00:00,0.0,15.0,Node2,0.0,0.0,0.0,0.0,45.0,0,2026-05-26 12:00:00,11.845,-3.1549999999999994,-5.3126216,9.687378406524658,15.0
2026-05-26 12:00:00,0.0,11.845,Node2,0.0,0.0,0.0,-3.1549999999999994,46.0,0,2026-05-26 13:00:00,15.0,3.1549999999999994,-5.303092,6.541907997131348,11.845
2026-05-26 13:00:00,0.0,15.0,Node2,0.0,0.0,0.0,3.1549999999999994,47.0,0,2026-05-26 14:00:00,15.0,0.0,-5.109602,9.890398025512695,15.0
2026-05-26 14:00:00,0.0,15.0,Node2,0.0,0.0,0.0,0.0,48.0,0,2026-05-26 15:00:00,15.0,0.0,-5.2176204,9.782379627227783,15.0
2026-05-26 15:00:00,0.0,15.0,Node2,0.0,0.0,0.0,0.0,49.0,0,2026-05-26 16:00:00,15.0,0.0,-5.2163377,9.78366231918335,15.0
2026-05-26 16:00:00,0.0,15.0,Node2,0.0,0.0,0.0,0.0,50.0,0,2026-05-26 17:00:00,13.066,-1.9339999999999993,-5.1925344,9.807465553283691,15.0
2026-05-26 17:00:00,0.0,13.066,Node2,0.0,0.0,0.0,-1.9339999999999993,51.0,0,2026-05-26 18:00:00,13.066,0.0,-5.161882,7.904118076324464,13.066
2026-05-26 18:00:00,0.0,13.066,Node2,0.0,0.0,0.0,0.0,52.0,0,2026-05-26 19:00:00,13.066,0.0,-5.0354133,8.03058673477173,13.066
2026-05-26 19:00:00,0.0,13.066,Node2,0.0,0.0,0.0,0.0,53.0,0,2026-05-26 20:00:00,13.066,0.0,-4.9804807,8.085519329071046,13.066
2026-05-26 20:00:00,0.0,13.066,Node2,0.0,0.0,0.0,0.0,54.0,0,2026-05-26 21:00:00,13.066,0.0,-4.934378,8.131621852874757,13.066
2026-05-26 21:00:00,0.0,13.066,Node2,0.0,0.0,0.0,0.0,55.0,0,2026-05-26 22:00:00,13.066,0.0,-4.8872175,8.17878247833252,13.066
2026-05-26 22:00:00,0.0,13.066,Node2,0.0,0.0,0.0,0.0,56.0,0,2026-05-26 23:00:00,13.066,0.0,-4.8388686,8.227131381988526,13.066
2026-05-26 23:00:00,0.0,13.066,Node2,0.0,0.0,0.0,0.0,57.0,0,2026-05-27 00:00:00,13.066,0.0,-4.794824,8.271175876617432,13.066
2026-05-27 00:00:00,0.0,13.066,Node2,0.0,0.0,0.0,0.0,58.0,0,2026-05-27 01:00:00,13.066,0.0,-4.804362,8.261638179779053,13.066
2026-05-27 01:00:00,0.0,13.066,Node2,0.0,0.0,0.0,0.0,59.0,0,2026-05-27 02:00:00,13.066,0.0,-4.687348,8.378652111053468,13.066
2026-05-27 02:00:00,0.0,13.066,Node2,0.0,0.0,0.0,0.0,60.0,0,2026-05-27 03:00:00,13.066,0.0,-4.6268907,8.439109340667725,13.066
2026-05-27 03:00:00,0.0,13.066,Node2,0.0,0.0,0.0,0.0,61.0,0,2026-05-27 04:00:00,13.066,0.0,-4.566544,8.49945594406128,13.066
2026-05-27 04:00:00,0.0,13.066,Node2,0.0,0.0,0.0,0.0,62.0,0,2026-05-27 05:00:00,13.066,0.0,-4.510995,8.555005088806153,13.066
2026-05-27 05:00:00,0.0,13.066,Node2,0.0,0.0,0.0,0.0,63.0,0,2026-05-27 06:00:00,13.066,0.0,-4.492333,8.573667064666749,13.066
2026-05-27 06:00:00,0.0,13.066,Node2,0.0,0.0,0.0,0.0,64.0,0,2026-05-27 07:00:00,13.066,0.0,-4.441539,8.62446118927002,13.066
2026-05-27 07:00:00,0.0,13.066,Node2,0.0,0.0,0.0,0.0,65.0,0,2026-05-27 08:00:00,13.066,0.0,-4.3897614,8.676238552093507,13.066
2026-05-27 08:00:00,0.0,13.066,Node2,0.0,0.0,0.0,0.0,66.0,0,2026-05-27 09:00:00,13.066,0.0,-4.337212,8.728787914276124,13.066
2026-05-27 09:00:00,0.0,13.066,Node2,0.0,0.0,0.0,0.0,67.0,0,2026-05-27 10:00:00,13.066,0.0,-4.284101,8.781898990631104,13.066
2026-05-27 10:00:00,0.0,13.066,Node2,0.0,0.0,0.0,0.0,68.0,0,2026-05-27 11:00:00,13.066,0.0,-4.2306337,8.835366264343262,13.066
2026-05-27 11:00:00,0.0,13.066,Node2,0.0,0.0,0.0,0.0,69.0,0,2026-05-27 12:00:00,13.066,0.0,-4.17701,8.888989940643311,13.066
2026-05-27 12:00:00,0.0,13.066,Node2,0.0,0.0,0.0,0.0,70.0,0,2026-05-27 13:00:00,13.066,0.0,-4.1234193,8.942580715179444,13.066
2026-05-27 13:00:00,0.0,13.066,Node2,0.0,0.0,0.0,0.0,71.0,0,2026-05-27 14:00:00,13.066,0.0,-4.0700407,8.995959297180177,13.066
2026-05-27 14:00:00,0.0,13.066,Node2,0.0,0.0,0.0,0.0,72.0,0,2026-05-27 15:00:00,13.066,0.0,-4.0170403,9.048959747314454,13.066
2026-05-27 15:00:00,0.0,13.066,Node2,0.0,0.0,0.0,0.0,73.0,0,2026-05-27 16:00:00,13.066,0.0,-3.9645724,9.101427570343018,13.066
2026-05-27 16:00:00,0.0,13.066,Node2,0.0,0.0,0.0,0.0,74.0,0,2026-05-27 17:00:00,9.885,-3.181000000000001,-3.9127755,9.153224483489991,13.066
2026-05-27 17:00:00,1.669090909090909,9.885,Node2,1.669090909090909,1.669090909090909,1.669090909090909,-3.181000000000001,75.0,0,2026-05-27 18:00:00,11.289,1.404,-3.7090483,6.175951728820801,9.885
2026-05-27 18:00:00,0.3499999999999999,11.289,Node2,-1.319090909090909,0.3499999999999999,2.019090909090909,1.404,76.0,0,2026-05-27 19:00:00,12.737,1.4480000000000004,-3.4358745,7.853125537872314,11.289
2026-05-27 19:00:00,1.2446666666666668,12.737,Node2,0.8946666666666669,1.2446666666666668,3.263757575757576,1.4480000000000004,77.0,0,2026-05-27 20:00:00,44.33,31.592999999999996,-3.4480171,9.288982879638672,12.737
2026-05-27 20:00:00,1.8397058823529413,44.33,Node2,0.5950392156862745,1.8397058823529413,5.103463458110517,31.592999999999996,78.0,0,2026-05-27 21:00:00,21.938,-22.392,-3.9512863,40.37871368408203,44.33
2026-05-27 21:00:00,2.2596000000000003,21.938,Node2,0.419894117647059,2.2596000000000003,7.363063458110517,-22.392,79.0,0,2026-05-27 22:00:00,46.287,24.349,-4.1524005,17.785599506378173,21.938
2026-05-27 22:00:00,0.0,46.287,Node2,-2.2596000000000003,0.0,7.363063458110517,24.349,80.0,0,2026-05-27 23:00:00,12.263,-34.024,-4.2763896,42.01061040115356,46.287
2026-05-27 23:00:00,0.0,12.263,Node2,0.0,0.0,7.363063458110517,-34.024,81.0,0,2026-05-28 00:00:00,12.263,0.0,-4.5522637,7.710736263275146,12.263
2026-05-28 00:00:00,0.0,12.263,Node2,0.0,0.0,7.363063458110517,0.0,82.0,0,2026-05-28 01:00:00,12.263,0.0,-3.909811,8.353188980102539,12.263
2026-05-28 01:00:00,0.0,12.263,Node2,0.0,0.0,7.363063458110517,0.0,83.0,0,2026-05-28 02:00:00,9.596,-2.667,-3.8420887,8.42091130065918,12.263
2026-05-28 02:00:00,0.0,9.596,Node2,0.0,0.0,7.363063458110517,-2.667,84.0,0,2026-05-28 03:00:00,8.462,-1.1340000000000003,-3.73173,5.864270015716553,9.596
2026-05-28 03:00:00,0.0,8.462,Node2,0.0,0.0,7.363063458110517,-1.1340000000000003,85.0,0,2026-05-28 04:00:00,7.476,-0.9859999999999998,-3.597075,4.864925014495849,8.462
2026-05-28 04:00:00,0.0,7.476,Node2,0.0,0.0,7.363063458110517,-0.9859999999999998,86.0,0,2026-05-28 05:00:00,15.0,7.524,-3.5199928,3.9560071716308594,7.476
2026-05-28 05:00:00,0.0,15.0,Node2,0.0,0.0,7.363063458110517,7.524,87.0,0,2026-05-28 06:00:00,8.284,-6.715999999999999,-3.6756063,11.32439374923706,15.0
2026-05-28 06:00:00,0.0,8.284,Node2,0.0,0.0,7.363063458110517,-6.715999999999999,88.0,0,2026-05-28 07:00:00,8.284,0.0,-3.6823545,4.601645549774171,8.284
2026-05-28 07:00:00,0.0,8.284,Node2,0.0,0.0,7.363063458110517,0.0,89.0,0,2026-05-28 08:00:00,15.0,6.715999999999999,-3.485417,4.798583110809327,8.284
2026-05-28 08:00:00,0.0,15.0,Node2,0.0,0.0,7.363063458110517,6.715999999999999,90.0,0,2026-05-28 09:00:00,15.0,0.0,-3.24641,11.753590106964111,15.0
2026-05-28 09:00:00,0.0,15.0,Node2,0.0,0.0,7.363063458110517,0.0,91.0,0,2026-05-28 10:00:00,15.0,0.0,-3.4186716,11.581328392028809,15.0
2026-05-28 10:00:00,0.0,15.0,Node2,0.0,0.0,7.363063458110517,0.0,92.0,0,2026-05-28 11:00:00,14.86,-0.14000000000000057,-3.1290555,11.870944499969482,15.0
2026-05-28 11:00:00,0.0,14.86,Node2,0.0,0.0,7.363063458110517,-0.14000000000000057,93.0,0,2026-05-28 12:00:00,13.196,-1.6639999999999997,-3.225966,11.634034023284912,14.86
2026-05-28 12:00:00,0.0,13.196,Node2,0.0,0.0,7.363063458110517,-1.6639999999999997,94.0,0,2026-05-28 13:00:00,12.032,-1.1639999999999997,-3.165475,10.030525108337402,13.196
2026-05-28 13:00:00,0.0,12.032,Node2,0.0,0.0,7.363063458110517,-1.1639999999999997,95.0,0,2026-05-28 14:00:00,11.583,-0.44899999999999984,-3.0915709,8.940429145812988,12.032
2026-05-28 14:00:00,0.0,11.583,Node2,0.0,0.0,7.363063458110517,-0.44899999999999984,96.0,0,2026-05-28 15:00:00,11.672,0.08900000000000041,-3.0554848,8.527515228271485,11.583
2026-05-28 15:00:00,0.0,11.672,Node2,0.0,0.0,7.363063458110517,0.08900000000000041,97.0,0,2026-05-28 16:00:00,11.093,-0.5790000000000006,-3.0362291,8.635770866394044,11.672
2026-05-28 16:00:00,0.0,11.093,Node2,0.0,0.0,7.363063458110517,-0.5790000000000006,98.0,0,2026-05-28 17:00:00,15.0,3.907,-3.014789,8.07821089553833,11.093
2026-05-28 17:00:00,0.0,15.0,Node2,0.0,0.0,7.363063458110517,3.907,99.0,0,2026-05-28 18:00:00,15.0,0.0,-2.99856,12.001440048217773,15.0
2026-05-28 18:00:00,0.0,15.0,Node2,0.0,0.0,7.363063458110517,0.0,100.0,0,2026-05-28 19:00:00,15.0,0.0,-3.0683403,11.931659698486328,15.0
2026-05-28 19:00:00,0.0,15.0,Node2,0.0,0.0,7.363063458110517,0.0,101.0,0,2026-05-28 20:00:00,15.0,0.0,-3.0412264,11.958773612976074,15.0
2026-05-28 20:00:00,0.0,15.0,Node2,0.0,0.0,7.363063458110517,0.0,102.0,0,2026-05-28 21:00:00,15.0,0.0,-2.9946146,12.005385398864746,15.0
2026-05-28 21:00:00,0.0,15.0,Node2,0.0,0.0,7.363063458110517,0.0,103.0,0,2026-05-28 22:00:00,15.0,0.0,-2.974236,12.025763988494873,15.0
2026-05-28 22:00:00,0.0,15.0,Node2,0.0,0.0,7.363063458110517,0.0,104.0,0,2026-05-28 23:00:00,15.0,0.0,-2.9545133,12.045486688613892,15.0
2026-05-28 23:00:00,0.0,15.0,Node2,0.0,0.0,7.363063458110517,0.0,105.0,0,2026-05-29 00:00:00,15.0,0.0,-2.9363708,12.063629150390625,15.0
2026-05-29 00:00:00,0.0,15.0,Node2,0.0,0.0,7.363063458110517,0.0,106.0,0,2026-05-29 01:00:00,15.0,0.0,-2.924788,12.075212001800537,15.0
2026-05-29 01:00:00,0.0,15.0,Node2,0.0,0.0,7.363063458110517,0.0,107.0,0,2026-05-29 02:00:00,15.0,0.0,-2.9134479,12.086552143096924,15.0
2026-05-29 02:00:00,0.0,15.0,Node2,0.0,0.0,7.363063458110517,0.0,108.0,0,2026-05-29 03:00:00,15.0,0.0,-2.9016614,12.098338603973389,15.0
2026-05-29 03:00:00,0.0,15.0,Node2,0.0,0.0,7.363063458110517,0.0,109.0,0,2026-05-29 04:00:00,15.0,0.0,-2.8901548,12.109845161437988,15.0
2026-05-29 04:00:00,0.0,15.0,Node2,0.0,0.0,7.363063458110517,0.0,110.0,0,2026-05-29 05:00:00,15.0,0.0,-2.8818765,12.118123531341553,15.0
2026-05-29 05:00:00,0.0,15.0,Node2,0.0,0.0,7.363063458110517,0.0,111.0,0,2026-05-29 06:00:00,15.0,0.0,-2.8617158,12.13828420639038,15.0
2026-05-29 06:00:00,0.0,15.0,Node2,0.0,0.0,7.363063458110517,0.0,112.0,0,2026-05-29 07:00:00,15.0,0.0,-2.8525946,12.14740538597107,15.0
2026-05-29 07:00:00,0.0,15.0,Node2,0.0,0.0,7.363063458110517,0.0,113.0,0,2026-05-29 08:00:00,15.0,0.0,-2.8441105,12.155889511108398,15.0
2026-05-29 08:00:00,0.0,15.0,Node2,0.0,0.0,7.363063458110517,0.0,114.0,0,2026-05-29 09:00:00,15.0,0.0,-2.8362193,12.163780689239502,15.0
2026-05-29 09:00:00,0.0,15.0,Node2,0.0,0.0,7.363063458110517,0.0,115.0,0,2026-05-29 10:00:00,15.0,0.0,-2.8288763,12.171123743057251,15.0
2026-05-29 10:00:00,0.0,15.0,Node2,0.0,0.0,7.363063458110517,0.0,116.0,0,2026-05-29 11:00:00,15.0,0.0,-2.8220398,12.17796015739441,15.0
2026-05-29 11:00:00,0.0,15.0,Node2,0.0,0.0,7.363063458110517,0.0,117.0,0,2026-05-29 12:00:00,15.0,0.0,-2.8156693,12.184330701828003,15.0
2026-05-29 12:00:00,0.0,15.0,Node2,0.0,0.0,7.363063458110517,0.0,118.0,0,2026-05-29 13:00:00,15.0,0.0,-2.8097253,12.190274715423584,15.0
2026-05-29 13:00:00,0.0,15.0,Node2,0.0,0.0,7.363063458110517,0.0,119.0,0,2026-05-29 14:00:00,15.0,0.0,-2.8041687,12.195831298828125,15.0
2026-05-29 14:00:00,0.0,15.0,Node2,0.0,0.0,7.363063458110517,0.0,120.0,0,2026-05-29 15:00:00,15.0,0.0,-2.7989647,12.201035261154175,15.0
2026-05-29 15:00:00,0.0,15.0,Node2,0.0,0.0,7.363063458110517,0.0,121.0,0,2026-05-29 16:00:00,15.0,0.0,-2.7940784,12.205921649932861,15.0
2026-05-29 16:00:00,0.0,15.0,Node2,0.0,0.0,7.363063458110517,0.0,122.0,0,2026-05-29 17:00:00,8.233,-6.7669999999999995,-2.7894754,12.210524559020996,15.0
2026-05-29 17:00:00,0.0,8.233,Node2,0.0,0.0,7.363063458110517,-6.7669999999999995,123.0,0,2026-05-29 18:00:00,15.0,6.7669999999999995,-2.789295,5.4437050418853765,8.233
2026-05-29 18:00:00,0.0,15.0,Node2,0.0,0.0,7.363063458110517,6.7669999999999995,124.0,0,2026-05-29 19:00:00,15.0,0.0,-2.6884737,12.31152629852295,15.0
2026-05-29 19:00:00,0.0,15.0,Node2,0.0,0.0,7.363063458110517,0.0,125.0,0,2026-05-29 20:00:00,7.642,-7.358,-2.7964938,12.203506231307983,15.0
2026-05-29 20:00:00,0.0,7.642,Node2,0.0,0.0,7.363063458110517,-7.358,126.0,0,2026-05-29 21:00:00,6.876,-0.766,-2.7844186,4.857581417083741,7.642
2026-05-29 21:00:00,0.0,6.876,Node2,0.0,0.0,7.363063458110517,-0.766,127.0,0,2026-05-29 22:00:00,5.428,-1.4480000000000004,-2.668937,4.207063032150269,6.876
2026-05-29 22:00:00,0.0,5.428,Node2,0.0,0.0,7.363063458110517,-1.4480000000000004,128.0,0,2026-05-29 23:00:00,5.428,0.0,-2.6750917,2.7529082565307617,5.428
2026-05-29 23:00:00,0.0,5.428,Node2,0.0,0.0,7.363063458110517,0.0,129.0,0,2026-05-30 00:00:00,5.428,0.0,-2.653924,2.774076011657715,5.428
2026-05-30 00:00:00,0.0,5.428,Node2,0.0,0.0,7.363063458110517,0.0,130.0,0,2026-05-30 01:00:00,3.319,-2.109,-2.6594677,2.7685323028564452,5.428
2026-05-30 01:00:00,0.0,3.319,Node2,0.0,0.0,7.363063458110517,-2.109,131.0,0,2026-05-30 02:00:00,3.319,0.0,-2.6592598,0.6597402038574218,3.319
2026-05-30 02:00:00,0.0,3.319,Node2,0.0,0.0,7.363063458110517,0.0,132.0,0,2026-05-30 03:00:00,3.319,0.0,-2.62658,0.6924200000762939,3.319
2026-05-30 03:00:00,0.0,3.319,Node2,0.0,0.0,7.363063458110517,0.0,133.0,0,2026-05-30 04:00:00,3.68,0.3610000000000002,-2.6329823,0.6860177459716796,3.319
2026-05-30 04:00:00,0.0,3.68,Node2,0.0,0.0,7.363063458110517,0.3610000000000002,134.0,0,2026-05-30 05:00:00,3.68,0.0,-2.6275735,1.052426509857178,3.68
2026-05-30 05:00:00,0.0,3.68,Node2,0.0,0.0,7.363063458110517,0.0,135.0,0,2026-05-30 06:00:00,3.68,0.0,-2.658409,1.0215908813476564,3.68
2026-05-30 06:00:00,0.0,3.68,Node2,0.0,0.0,7.363063458110517,0.0,136.0,0,2026-05-30 07:00:00,8.528,4.848000000000001,-2.6439736,1.0360264110565187,3.68
2026-05-30 07:00:00,0.0,8.528,Node2,0.0,0.0,7.363063458110517,4.848000000000001,137.0,0,2026-05-30 08:00:00,15.0,6.4719999999999995,-2.639225,5.888774993896485,8.528
2026-05-30 08:00:00,0.0,15.0,Node2,0.0,0.0,7.363063458110517,6.4719999999999995,138.0,0,2026-05-30 09:00:00,15.0,0.0,-2.7195103,12.280489683151245,15.0
2026-05-30 09:00:00,0.0,15.0,Node2,0.0,0.0,7.363063458110517,0.0,139.0,0,2026-05-30 10:00:00,12.922,-2.0779999999999994,-2.7853246,12.214675426483154,15.0
2026-05-30 10:00:00,0.0,12.922,Node2,0.0,0.0,7.363063458110517,-2.0779999999999994,140.0,0,2026-05-30 11:00:00,15.0,2.0779999999999994,-2.7662497,10.155750343322755,12.922
2026-05-30 11:00:00,0.0,15.0,Node2,0.0,0.0,7.363063458110517,2.0779999999999994,141.0,0,2026-05-30 12:00:00,15.0,0.0,-2.718893,12.281106948852539,15.0
2026-05-30 12:00:00,0.0,15.0,Node2,0.0,0.0,7.363063458110517,0.0,142.0,0,2026-05-30 13:00:00,7.412,-7.588,-2.7406173,12.259382724761963,15.0
2026-05-30 13:00:00,0.0,7.412,Node2,0.0,0.0,7.363063458110517,-7.588,143.0,0,2026-05-30 14:00:00,8.116,0.7039999999999997,-2.7668407,4.645159303665161,7.412
2026-05-30 14:00:00,0.0,8.116,Node2,0.0,0.0,7.363063458110517,0.7039999999999997,144.0,0,2026-05-30 15:00:00,12.547,4.431000000000001,-2.6432326,5.472767416000366,8.116
2026-05-30 15:00:00,0.0,12.547,Node2,0.0,0.0,7.363063458110517,4.431000000000001,145.0,0,2026-05-30 16:00:00,5.732,-6.815,-2.6557982,9.891201803207398,12.547
2026-05-30 16:00:00,0.0,5.732,Node2,0.0,0.0,7.363063458110517,-6.815,146.0,0,2026-05-30 17:00:00,7.109,1.3769999999999998,-2.748662,2.983338005065918,5.732
2026-05-30 17:00:00,0.0,7.109,Node2,0.0,0.0,7.363063458110517,1.3769999999999998,147.0,0,2026-05-30 18:00:00,15.0,7.891,-2.6235223,4.4854777183532715,7.109
2026-05-30 18:00:00,0.0,15.0,Node2,0.0,0.0,7.363063458110517,7.891,148.0,0,2026-05-30 19:00:00,15.0,0.0,-2.6355696,12.36443042755127,15.0
2026-05-30 19:00:00,0.0,15.0,Node2,0.0,0.0,7.363063458110517,0.0,149.0,0,2026-05-30 20:00:00,15.0,0.0,-2.7379599,12.262040138244629,15.0
2026-05-30 20:00:00,0.0,15.0,Node2,0.0,0.0,7.363063458110517,0.0,150.0,0,2026-05-30 21:00:00,4.38,-10.620000000000001,-2.7059803,12.29401969909668,15.0
2026-05-30 21:00:00,0.0,4.38,Node2,0.0,0.0,7.363063458110517,-10.620000000000001,151.0,0,2026-05-30 22:00:00,9.352,4.972,-2.765623,1.6143769073486327,4.38
2026-05-30 22:00:00,0.0,9.352,Node2,0.0,0.0,7.363063458110517,4.972,152.0,0,2026-05-30 23:00:00,9.352,0.0,-2.5727427,6.779257299423218,9.352
2026-05-30 23:00:00,0.0,9.352,Node2,0.0,0.0,7.363063458110517,0.0,153.0,0,2026-05-31 00:00:00,9.352,0.0,-2.6711187,6.6808812637329105,9.352
2026-05-31 00:00:00,0.0,9.352,Node2,0.0,0.0,7.363063458110517,0.0,154.0,0,2026-05-31 01:00:00,9.352,0.0,-2.6470718,6.704928161621094,9.352
2026-05-31 01:00:00,0.0,9.352,Node2,0.0,0.0,7.363063458110517,0.0,155.0,0,2026-05-31 02:00:00,9.352,0.0,-2.6542997,6.697700263977051,9.352
2026-05-31 02:00:00,0.0,9.352,Node2,0.0,0.0,7.363063458110517,0.0,156.0,0,2026-05-31 03:00:00,9.352,0.0,-2.655486,6.696513893127442,9.352
2026-05-31 03:00:00,0.0,9.352,Node2,0.0,0.0,7.363063458110517,0.0,157.0,0,2026-05-31 04:00:00,9.352,0.0,-2.6412587,6.710741283416748,9.352
2026-05-31 04:00:00,0.0,9.352,Node2,0.0,0.0,7.363063458110517,0.0,158.0,0,2026-05-31 05:00:00,9.352,0.0,-2.6461873,6.705812694549561,9.352
2026-05-31 05:00:00,0.0,9.352,Node2,0.0,0.0,7.363063458110517,0.0,159.0,0,2026-05-31 06:00:00,9.352,0.0,-2.649239,6.702760936737061,9.352
2026-05-31 06:00:00,0.0,9.352,Node2,0.0,0.0,7.363063458110517,0.0,160.0,0,2026-05-31 07:00:00,9.352,0.0,-2.6429796,6.709020378112793,9.352
2026-05-31 07:00:00,0.0,9.352,Node2,0.0,0.0,7.363063458110517,0.0,161.0,0,2026-05-31 08:00:00,9.352,0.0,-2.639687,6.712312938690186,9.352
2026-05-31 08:00:00,0.0,9.352,Node2,0.0,0.0,7.363063458110517,0.0,162.0,0,2026-05-31 09:00:00,9.352,0.0,-2.6226497,6.7293503303527835,9.352
2026-05-31 09:00:00,0.0,9.352,Node2,0.0,0.0,7.363063458110517,0.0,163.0,0,2026-05-31 10:00:00,9.352,0.0,-2.6340284,6.717971565246582,9.352
2026-05-31 10:00:00,0.0,9.352,Node2,0.0,0.0,7.363063458110517,0.0,164.0,0,2026-05-31 11:00:00,9.352,0.0,-2.6270394,6.7249605674743655,9.352
2026-05-31 11:00:00,0.0,9.352,Node2,0.0,0.0,7.363063458110517,0.0,165.0,0,2026-05-31 12:00:00,8.815,-0.5370000000000008,-2.622892,6.729108097076416,9.352
2026-05-31 12:00:00,0.0,8.815,Node2,0.0,0.0,7.363063458110517,-0.5370000000000008,166.0,0,2026-05-31 13:00:00,15.0,6.1850000000000005,-2.622517,6.192482891082763,8.815
2026-05-31 13:00:00,0.0,15.0,Node2,0.0,0.0,7.363063458110517,6.1850000000000005,167.0,0,2026-05-31 14:00:00,5.555,-9.445,-2.5690293,12.430970668792725,15.0
2026-05-31 14:00:00,0.0,5.555,Node2,0.0,0.0,7.363063458110517,-9.445,168.0,0,2026-05-31 15:00:00,4.894,-0.6609999999999996,-2.7284296,2.8265704441070554,5.555
2026-05-31 15:00:00,0.0,4.894,Node2,0.0,0.0,7.363063458110517,-0.6609999999999996,169.0,0,2026-05-31 16:00:00,5.232,0.3380000000000001,-2.5630674,2.3309325637817384,4.894
2026-05-31 16:00:00,0.0,5.232,Node2,0.0,0.0,7.363063458110517,0.3380000000000001,170.0,0,2026-05-31 17:00:00,5.232,0.0,-2.572194,2.6598059005737307,5.232
2026-05-31 17:00:00,0.0,5.232,Node2,0.0,0.0,7.363063458110517,0.0,171.0,0,2026-05-31 18:00:00,5.232,0.0,-2.5767815,2.6552184886932375,5.232
2026-05-31 18:00:00,0.0,5.232,Node2,0.0,0.0,7.363063458110517,0.0,172.0,0,2026-05-31 19:00:00,5.432,0.20000000000000018,-2.574163,2.65783703994751,5.232
2026-05-31 19:00:00,0.0,5.432,Node2,0.0,0.0,7.363063458110517,0.20000000000000018,173.0,0,2026-05-31 20:00:00,5.432,0.0,-2.5709167,2.861083347320557,5.432
2026-05-31 20:00:00,0.0,5.432,Node2,0.0,0.0,7.363063458110517,0.0,174.0,0,2026-05-31 21:00:00,4.661,-0.7710000000000008,-2.5716338,2.8603661842346195,5.432
2026-05-31 21:00:00,0.0,4.661,Node2,0.0,0.0,7.363063458110517,-0.7710000000000008,175.0,0,2026-05-31 22:00:00,15.0,10.339,-2.5741456,2.0868544445037838,4.661
2026-05-31 22:00:00,0.0,15.0,Node2,0.0,0.0,7.363063458110517,10.339,176.0,0,2026-05-31 23:00:00,15.0,0.0,-2.4890258,12.510974168777466,15.0
2026-05-31 23:00:00,0.0,15.0,Node2,0.0,0.0,7.363063458110517,0.0,177.0,0,2026-06-01 00:00:00,3.098,-11.902000000000001,-2.6295555,12.370444536209106,15.0
2026-06-01 00:00:00,0.0,3.098,Node2,0.0,0.0,7.363063458110517,-11.902000000000001,178.0,0,2026-06-01 01:00:00,3.098,0.0,-2.7070155,0.39098448562622057,3.098
2026-06-01 01:00:00,0.0,3.098,Node2,0.0,0.0,7.363063458110517,0.0,179.0,0,2026-06-01 02:00:00,3.098,0.0,-2.4953272,0.6026727657318114,3.098
2026-06-01 02:00:00,0.0,3.098,Node2,0.0,0.0,7.363063458110517,0.0,180.0,0,2026-06-01 03:00:00,2.239,-0.859,-2.5270486,0.5709514122009276,3.098
2026-06-01 03:00:00,0.0,2.239,Node2,0.0,0.0,7.363063458110517,-0.859,181.0,0,2026-06-01 04:00:00,2.239,0.0,-2.531108,-0.2921079025268556,2.239
2026-06-01 04:00:00,0.0,2.239,Node2,0.0,0.0,7.363063458110517,0.0,182.0,0,2026-06-01 05:00:00,2.239,0.0,-2.51577,-0.27676995849609387,2.239
2026-06-01 05:00:00,0.0,2.239,Node2,0.0,0.0,7.363063458110517,0.0,183.0,0,2026-06-01 06:00:00,2.535,0.29600000000000026,-2.5164638,-0.2774637565612794,2.239
2026-06-01 06:00:00,0.0,2.535,Node2,0.0,0.0,7.363063458110517,0.29600000000000026,184.0,0,2026-06-01 07:00:00,2.535,0.0,-2.5123558,0.022644195556640767,2.535
2026-06-01 07:00:00,0.0,2.535,Node2,0.0,0.0,7.363063458110517,0.0,185.0,0,2026-06-01 08:00:00,2.535,0.0,-2.5141735,0.020826492309570455,2.535
2026-06-01 08:00:00,0.0,2.535,Node2,0.0,0.0,7.363063458110517,0.0,186.0,0,2026-06-01 09:00:00,4.91,2.375,-2.5095234,0.02547660827636733,2.535
