node_id,split,timestamp,target_timestamp,observed_waterlevel,lstm_prediction,persistence_prediction,selected_event_id,original_shared_event_id,plot_start,plot_end,event_start,event_end,is_core_event_window
Node1,train,2026-02-10 07:00:00,2026-02-10 08:00:00,46.609092712402344,46.787228,46.609093,1,8,2026-02-10 08:00:00,2026-02-11 04:00:00,2026-02-10 14:00:00,2026-02-10 16:00:00,False
Node1,train,2026-02-10 08:00:00,2026-02-10 09:00:00,46.609092712402344,46.787228,46.609093,1,8,2026-02-10 08:00:00,2026-02-11 04:00:00,2026-02-10 14:00:00,2026-02-10 16:00:00,False
Node1,train,2026-02-10 09:00:00,2026-02-10 10:00:00,46.609092712402344,46.787228,46.609093,1,8,2026-02-10 08:00:00,2026-02-11 04:00:00,2026-02-10 14:00:00,2026-02-10 16:00:00,False
Node1,train,2026-02-10 10:00:00,2026-02-10 11:00:00,46.609092712402344,46.787228,46.609093,1,8,2026-02-10 08:00:00,2026-02-11 04:00:00,2026-02-10 14:00:00,2026-02-10 16:00:00,False
Node1,train,2026-02-10 11:00:00,2026-02-10 12:00:00,46.609092712402344,46.787228,46.609093,1,8,2026-02-10 08:00:00,2026-02-11 04:00:00,2026-02-10 14:00:00,2026-02-10 16:00:00,False
Node1,train,2026-02-10 12:00:00,2026-02-10 13:00:00,46.609092712402344,46.787228,46.609093,1,8,2026-02-10 08:00:00,2026-02-11 04:00:00,2026-02-10 14:00:00,2026-02-10 16:00:00,False
Node1,train,2026-02-10 13:00:00,2026-02-10 14:00:00,45.54999923706055,46.787228,46.609093,1,8,2026-02-10 08:00:00,2026-02-11 04:00:00,2026-02-10 14:00:00,2026-02-10 16:00:00,True
Node1,train,2026-02-10 14:00:00,2026-02-10 15:00:00,45.738460540771484,46.121372,45.55,1,8,2026-02-10 08:00:00,2026-02-11 04:00:00,2026-02-10 14:00:00,2026-02-10 16:00:00,True
Node1,train,2026-02-10 15:00:00,2026-02-10 16:00:00,45.70000076293945,46.172104,45.73846,1,8,2026-02-10 08:00:00,2026-02-11 04:00:00,2026-02-10 14:00:00,2026-02-10 16:00:00,True
Node1,train,2026-02-10 16:00:00,2026-02-10 17:00:00,45.70000076293945,46.038826,45.7,1,8,2026-02-10 08:00:00,2026-02-11 04:00:00,2026-02-10 14:00:00,2026-02-10 16:00:00,False
Node1,train,2026-02-10 17:00:00,2026-02-10 18:00:00,45.70000076293945,45.957134,45.7,1,8,2026-02-10 08:00:00,2026-02-11 04:00:00,2026-02-10 14:00:00,2026-02-10 16:00:00,False
Node1,train,2026-02-10 18:00:00,2026-02-10 19:00:00,45.70000076293945,45.91172,45.7,1,8,2026-02-10 08:00:00,2026-02-11 04:00:00,2026-02-10 14:00:00,2026-02-10 16:00:00,False
Node1,train,2026-02-10 19:00:00,2026-02-10 20:00:00,45.70000076293945,45.882454,45.7,1,8,2026-02-10 08:00:00,2026-02-11 04:00:00,2026-02-10 14:00:00,2026-02-10 16:00:00,False
Node1,train,2026-02-10 20:00:00,2026-02-10 21:00:00,45.70000076293945,45.86356,45.7,1,8,2026-02-10 08:00:00,2026-02-11 04:00:00,2026-02-10 14:00:00,2026-02-10 16:00:00,False
Node1,train,2026-02-10 21:00:00,2026-02-10 22:00:00,45.70000076293945,45.8575,45.7,1,8,2026-02-10 08:00:00,2026-02-11 04:00:00,2026-02-10 14:00:00,2026-02-10 16:00:00,False
Node1,train,2026-02-10 22:00:00,2026-02-10 23:00:00,45.70000076293945,45.8655,45.7,1,8,2026-02-10 08:00:00,2026-02-11 04:00:00,2026-02-10 14:00:00,2026-02-10 16:00:00,False
Node1,train,2026-02-10 23:00:00,2026-02-11 00:00:00,45.70000076293945,45.877804,45.7,1,8,2026-02-10 08:00:00,2026-02-11 04:00:00,2026-02-10 14:00:00,2026-02-10 16:00:00,False
Node1,train,2026-02-11 00:00:00,2026-02-11 01:00:00,45.70000076293945,45.890408,45.7,1,8,2026-02-10 08:00:00,2026-02-11 04:00:00,2026-02-10 14:00:00,2026-02-10 16:00:00,False
Node1,train,2026-02-11 01:00:00,2026-02-11 02:00:00,45.70000076293945,45.90275,45.7,1,8,2026-02-10 08:00:00,2026-02-11 04:00:00,2026-02-10 14:00:00,2026-02-10 16:00:00,False
Node1,train,2026-02-11 02:00:00,2026-02-11 03:00:00,45.70000076293945,45.938618,45.7,1,8,2026-02-10 08:00:00,2026-02-11 04:00:00,2026-02-10 14:00:00,2026-02-10 16:00:00,False
Node1,train,2026-02-11 03:00:00,2026-02-11 04:00:00,45.70000076293945,45.930832,45.7,1,8,2026-02-10 08:00:00,2026-02-11 04:00:00,2026-02-10 14:00:00,2026-02-10 16:00:00,False
Node2,train,2026-02-10 07:00:00,2026-02-10 08:00:00,52.29999923706055,52.598812,52.300003,1,8,2026-02-10 08:00:00,2026-02-11 04:00:00,2026-02-10 14:00:00,2026-02-10 16:00:00,False
Node2,train,2026-02-10 08:00:00,2026-02-10 09:00:00,52.29999923706055,52.62201,52.300003,1,8,2026-02-10 08:00:00,2026-02-11 04:00:00,2026-02-10 14:00:00,2026-02-10 16:00:00,False
Node2,train,2026-02-10 09:00:00,2026-02-10 10:00:00,52.29999923706055,52.620064,52.300003,1,8,2026-02-10 08:00:00,2026-02-11 04:00:00,2026-02-10 14:00:00,2026-02-10 16:00:00,False
Node2,train,2026-02-10 10:00:00,2026-02-10 11:00:00,52.29999923706055,52.603718,52.300003,1,8,2026-02-10 08:00:00,2026-02-11 04:00:00,2026-02-10 14:00:00,2026-02-10 16:00:00,False
Node2,train,2026-02-10 11:00:00,2026-02-10 12:00:00,52.29999923706055,52.518654,52.300003,1,8,2026-02-10 08:00:00,2026-02-11 04:00:00,2026-02-10 14:00:00,2026-02-10 16:00:00,False
Node2,train,2026-02-10 12:00:00,2026-02-10 13:00:00,52.29999923706055,52.522194,52.300003,1,8,2026-02-10 08:00:00,2026-02-11 04:00:00,2026-02-10 14:00:00,2026-02-10 16:00:00,False
Node2,train,2026-02-10 13:00:00,2026-02-10 14:00:00,54.224998474121094,52.49775,52.300003,1,8,2026-02-10 08:00:00,2026-02-11 04:00:00,2026-02-10 14:00:00,2026-02-10 16:00:00,True
Node2,train,2026-02-10 14:00:00,2026-02-10 15:00:00,54.31666564941406,53.712715,54.225002,1,8,2026-02-10 08:00:00,2026-02-11 04:00:00,2026-02-10 14:00:00,2026-02-10 16:00:00,True
Node2,train,2026-02-10 15:00:00,2026-02-10 16:00:00,54.33333206176758,53.839073,54.31667,1,8,2026-02-10 08:00:00,2026-02-11 04:00:00,2026-02-10 14:00:00,2026-02-10 16:00:00,True
Node2,train,2026-02-10 16:00:00,2026-02-10 17:00:00,54.33333206176758,53.942062,54.333336,1,8,2026-02-10 08:00:00,2026-02-11 04:00:00,2026-02-10 14:00:00,2026-02-10 16:00:00,False
Node2,train,2026-02-10 17:00:00,2026-02-10 18:00:00,54.33333206176758,54.02432,54.333336,1,8,2026-02-10 08:00:00,2026-02-11 04:00:00,2026-02-10 14:00:00,2026-02-10 16:00:00,False
Node2,train,2026-02-10 18:00:00,2026-02-10 19:00:00,54.33333206176758,54.083023,54.333336,1,8,2026-02-10 08:00:00,2026-02-11 04:00:00,2026-02-10 14:00:00,2026-02-10 16:00:00,False
Node2,train,2026-02-10 19:00:00,2026-02-10 20:00:00,54.33333206176758,54.127758,54.333336,1,8,2026-02-10 08:00:00,2026-02-11 04:00:00,2026-02-10 14:00:00,2026-02-10 16:00:00,False
Node2,train,2026-02-10 20:00:00,2026-02-10 21:00:00,54.33333206176758,54.1587,54.333336,1,8,2026-02-10 08:00:00,2026-02-11 04:00:00,2026-02-10 14:00:00,2026-02-10 16:00:00,False
Node2,train,2026-02-10 21:00:00,2026-02-10 22:00:00,54.33333206176758,54.191414,54.333336,1,8,2026-02-10 08:00:00,2026-02-11 04:00:00,2026-02-10 14:00:00,2026-02-10 16:00:00,False
Node2,train,2026-02-10 22:00:00,2026-02-10 23:00:00,52.400001525878906,54.205597,54.333336,1,8,2026-02-10 08:00:00,2026-02-11 04:00:00,2026-02-10 14:00:00,2026-02-10 16:00:00,False
Node2,train,2026-02-10 23:00:00,2026-02-11 00:00:00,52.49166488647461,52.91345,52.4,1,8,2026-02-10 08:00:00,2026-02-11 04:00:00,2026-02-10 14:00:00,2026-02-10 16:00:00,False
Node2,train,2026-02-11 00:00:00,2026-02-11 01:00:00,50.20000076293945,52.95135,52.49167,1,8,2026-02-10 08:00:00,2026-02-11 04:00:00,2026-02-10 14:00:00,2026-02-10 16:00:00,False
Node2,train,2026-02-11 01:00:00,2026-02-11 02:00:00,50.20000076293945,51.222664,50.200005,1,8,2026-02-10 08:00:00,2026-02-11 04:00:00,2026-02-10 14:00:00,2026-02-10 16:00:00,False
Node2,train,2026-02-11 02:00:00,2026-02-11 03:00:00,50.20000076293945,51.04602,50.200005,1,8,2026-02-10 08:00:00,2026-02-11 04:00:00,2026-02-10 14:00:00,2026-02-10 16:00:00,False
Node2,train,2026-02-11 03:00:00,2026-02-11 04:00:00,50.20000076293945,50.834137,50.200005,1,8,2026-02-10 08:00:00,2026-02-11 04:00:00,2026-02-10 14:00:00,2026-02-10 16:00:00,False
Node1,train,2026-02-14 08:00:00,2026-02-14 09:00:00,44.73636245727539,44.98218,44.736362,2,11,2026-02-14 09:00:00,2026-02-15 05:00:00,2026-02-14 15:00:00,2026-02-14 17:00:00,False
Node1,train,2026-02-14 09:00:00,2026-02-14 10:00:00,44.73636245727539,44.982006,44.736362,2,11,2026-02-14 09:00:00,2026-02-15 05:00:00,2026-02-14 15:00:00,2026-02-14 17:00:00,False
Node1,train,2026-02-14 10:00:00,2026-02-14 11:00:00,44.73636245727539,44.981876,44.736362,2,11,2026-02-14 09:00:00,2026-02-15 05:00:00,2026-02-14 15:00:00,2026-02-14 17:00:00,False
Node1,train,2026-02-14 11:00:00,2026-02-14 12:00:00,44.73636245727539,44.98179,44.736362,2,11,2026-02-14 09:00:00,2026-02-15 05:00:00,2026-02-14 15:00:00,2026-02-14 17:00:00,False
Node1,train,2026-02-14 12:00:00,2026-02-14 13:00:00,44.73636245727539,44.98174,44.736362,2,11,2026-02-14 09:00:00,2026-02-15 05:00:00,2026-02-14 15:00:00,2026-02-14 17:00:00,False
Node1,train,2026-02-14 13:00:00,2026-02-14 14:00:00,44.73636245727539,44.981712,44.736362,2,11,2026-02-14 09:00:00,2026-02-15 05:00:00,2026-02-14 15:00:00,2026-02-14 17:00:00,False
Node1,train,2026-02-14 14:00:00,2026-02-14 15:00:00,46.11428451538086,44.981705,44.736362,2,11,2026-02-14 09:00:00,2026-02-15 05:00:00,2026-02-14 15:00:00,2026-02-14 17:00:00,True
Node1,train,2026-02-14 15:00:00,2026-02-14 16:00:00,45.95000076293945,46.003036,46.114285,2,11,2026-02-14 09:00:00,2026-02-15 05:00:00,2026-02-14 15:00:00,2026-02-14 17:00:00,True
Node1,train,2026-02-14 16:00:00,2026-02-14 17:00:00,46.29999923706055,46.19429,45.95,2,11,2026-02-14 09:00:00,2026-02-15 05:00:00,2026-02-14 15:00:00,2026-02-14 17:00:00,True
Node1,train,2026-02-14 17:00:00,2026-02-14 18:00:00,46.29999923706055,46.571053,46.3,2,11,2026-02-14 09:00:00,2026-02-15 05:00:00,2026-02-14 15:00:00,2026-02-14 17:00:00,False
Node1,train,2026-02-14 18:00:00,2026-02-14 19:00:00,46.29999923706055,46.526554,46.3,2,11,2026-02-14 09:00:00,2026-02-15 05:00:00,2026-02-14 15:00:00,2026-02-14 17:00:00,False
Node1,train,2026-02-14 19:00:00,2026-02-14 20:00:00,46.29999923706055,46.48653,46.3,2,11,2026-02-14 09:00:00,2026-02-15 05:00:00,2026-02-14 15:00:00,2026-02-14 17:00:00,False
Node1,train,2026-02-14 20:00:00,2026-02-14 21:00:00,46.29999923706055,46.475468,46.3,2,11,2026-02-14 09:00:00,2026-02-15 05:00:00,2026-02-14 15:00:00,2026-02-14 17:00:00,False
Node1,train,2026-02-14 21:00:00,2026-02-14 22:00:00,46.29999923706055,46.4778,46.3,2,11,2026-02-14 09:00:00,2026-02-15 05:00:00,2026-02-14 15:00:00,2026-02-14 17:00:00,False
Node1,train,2026-02-14 22:00:00,2026-02-14 23:00:00,46.29999923706055,46.48485,46.3,2,11,2026-02-14 09:00:00,2026-02-15 05:00:00,2026-02-14 15:00:00,2026-02-14 17:00:00,False
Node1,train,2026-02-14 23:00:00,2026-02-15 00:00:00,46.29999923706055,46.50782,46.3,2,11,2026-02-14 09:00:00,2026-02-15 05:00:00,2026-02-14 15:00:00,2026-02-14 17:00:00,False
Node1,train,2026-02-15 00:00:00,2026-02-15 01:00:00,46.29999923706055,46.54292,46.3,2,11,2026-02-14 09:00:00,2026-02-15 05:00:00,2026-02-14 15:00:00,2026-02-14 17:00:00,False
Node1,train,2026-02-15 01:00:00,2026-02-15 02:00:00,46.29999923706055,46.574844,46.3,2,11,2026-02-14 09:00:00,2026-02-15 05:00:00,2026-02-14 15:00:00,2026-02-14 17:00:00,False
Node1,train,2026-02-15 02:00:00,2026-02-15 03:00:00,46.29999923706055,46.599052,46.3,2,11,2026-02-14 09:00:00,2026-02-15 05:00:00,2026-02-14 15:00:00,2026-02-14 17:00:00,False
Node1,train,2026-02-15 03:00:00,2026-02-15 04:00:00,46.29999923706055,46.565594,46.3,2,11,2026-02-14 09:00:00,2026-02-15 05:00:00,2026-02-14 15:00:00,2026-02-14 17:00:00,False
Node1,train,2026-02-15 04:00:00,2026-02-15 05:00:00,46.29999923706055,46.571228,46.3,2,11,2026-02-14 09:00:00,2026-02-15 05:00:00,2026-02-14 15:00:00,2026-02-14 17:00:00,False
Node2,train,2026-02-14 08:00:00,2026-02-14 09:00:00,39.05454635620117,25.253813,23.900002,2,11,2026-02-14 09:00:00,2026-02-15 05:00:00,2026-02-14 15:00:00,2026-02-14 17:00:00,False
Node2,train,2026-02-14 09:00:00,2026-02-14 10:00:00,35.18888854980469,37.67603,39.054546,2,11,2026-02-14 09:00:00,2026-02-15 05:00:00,2026-02-14 15:00:00,2026-02-14 17:00:00,False
Node2,train,2026-02-14 10:00:00,2026-02-14 11:00:00,35.18888854980469,35.555874,35.18889,2,11,2026-02-14 09:00:00,2026-02-15 05:00:00,2026-02-14 15:00:00,2026-02-14 17:00:00,False
Node2,train,2026-02-14 11:00:00,2026-02-14 12:00:00,35.18888854980469,35.91997,35.18889,2,11,2026-02-14 09:00:00,2026-02-15 05:00:00,2026-02-14 15:00:00,2026-02-14 17:00:00,False
Node2,train,2026-02-14 12:00:00,2026-02-14 13:00:00,35.18888854980469,36.04945,35.18889,2,11,2026-02-14 09:00:00,2026-02-15 05:00:00,2026-02-14 15:00:00,2026-02-14 17:00:00,False
Node2,train,2026-02-14 13:00:00,2026-02-14 14:00:00,35.18888854980469,36.066036,35.18889,2,11,2026-02-14 09:00:00,2026-02-15 05:00:00,2026-02-14 15:00:00,2026-02-14 17:00:00,False
Node2,train,2026-02-14 14:00:00,2026-02-14 15:00:00,54.525001525878906,36.01258,35.18889,2,11,2026-02-14 09:00:00,2026-02-15 05:00:00,2026-02-14 15:00:00,2026-02-14 17:00:00,True
Node2,train,2026-02-14 15:00:00,2026-02-14 16:00:00,52.974998474121094,48.743958,54.525,2,11,2026-02-14 09:00:00,2026-02-15 05:00:00,2026-02-14 15:00:00,2026-02-14 17:00:00,True
Node2,train,2026-02-14 16:00:00,2026-02-14 17:00:00,55.0,49.56984,52.975002,2,11,2026-02-14 09:00:00,2026-02-15 05:00:00,2026-02-14 15:00:00,2026-02-14 17:00:00,True
Node2,train,2026-02-14 17:00:00,2026-02-14 18:00:00,55.0,52.11153,55.0,2,11,2026-02-14 09:00:00,2026-02-15 05:00:00,2026-02-14 15:00:00,2026-02-14 17:00:00,False
Node2,train,2026-02-14 18:00:00,2026-02-14 19:00:00,55.0,52.989647,55.0,2,11,2026-02-14 09:00:00,2026-02-15 05:00:00,2026-02-14 15:00:00,2026-02-14 17:00:00,False
Node2,train,2026-02-14 19:00:00,2026-02-14 20:00:00,55.0,53.586727,55.0,2,11,2026-02-14 09:00:00,2026-02-15 05:00:00,2026-02-14 15:00:00,2026-02-14 17:00:00,False
Node2,train,2026-02-14 20:00:00,2026-02-14 21:00:00,53.13999938964844,54.034332,55.0,2,11,2026-02-14 09:00:00,2026-02-15 05:00:00,2026-02-14 15:00:00,2026-02-14 17:00:00,False
Node2,train,2026-02-14 21:00:00,2026-02-14 22:00:00,50.24166488647461,53.181458,53.140003,2,11,2026-02-14 09:00:00,2026-02-15 05:00:00,2026-02-14 15:00:00,2026-02-14 17:00:00,False
Node2,train,2026-02-14 22:00:00,2026-02-14 23:00:00,50.099998474121094,51.589783,50.24167,2,11,2026-02-14 09:00:00,2026-02-15 05:00:00,2026-02-14 15:00:00,2026-02-14 17:00:00,False
Node2,train,2026-02-14 23:00:00,2026-02-15 00:00:00,50.099998474121094,51.621506,50.100002,2,11,2026-02-14 09:00:00,2026-02-15 05:00:00,2026-02-14 15:00:00,2026-02-14 17:00:00,False
Node2,train,2026-02-15 00:00:00,2026-02-15 01:00:00,50.099998474121094,51.56687,50.100002,2,11,2026-02-14 09:00:00,2026-02-15 05:00:00,2026-02-14 15:00:00,2026-02-14 17:00:00,False
Node2,train,2026-02-15 01:00:00,2026-02-15 02:00:00,50.099998474121094,51.452557,50.100002,2,11,2026-02-14 09:00:00,2026-02-15 05:00:00,2026-02-14 15:00:00,2026-02-14 17:00:00,False
Node2,train,2026-02-15 02:00:00,2026-02-15 03:00:00,50.099998474121094,51.330654,50.100002,2,11,2026-02-14 09:00:00,2026-02-15 05:00:00,2026-02-14 15:00:00,2026-02-14 17:00:00,False
Node2,train,2026-02-15 03:00:00,2026-02-15 04:00:00,50.099998474121094,50.995117,50.100002,2,11,2026-02-14 09:00:00,2026-02-15 05:00:00,2026-02-14 15:00:00,2026-02-14 17:00:00,False
Node2,train,2026-02-15 04:00:00,2026-02-15 05:00:00,50.099998474121094,50.85843,50.100002,2,11,2026-02-14 09:00:00,2026-02-15 05:00:00,2026-02-14 15:00:00,2026-02-14 17:00:00,False
Node1,train,2026-02-20 17:00:00,2026-02-20 18:00:00,43.766666412353516,44.17752,43.766666,3,13,2026-02-20 18:00:00,2026-02-21 16:00:00,2026-02-21 00:00:00,2026-02-21 04:00:00,False
Node1,train,2026-02-20 18:00:00,2026-02-20 19:00:00,43.766666412353516,44.606945,43.766666,3,13,2026-02-20 18:00:00,2026-02-21 16:00:00,2026-02-21 00:00:00,2026-02-21 04:00:00,False
Node1,train,2026-02-20 19:00:00,2026-02-20 20:00:00,43.766666412353516,44.037334,43.766666,3,13,2026-02-20 18:00:00,2026-02-21 16:00:00,2026-02-21 00:00:00,2026-02-21 04:00:00,False
Node1,train,2026-02-20 20:00:00,2026-02-20 21:00:00,43.766666412353516,44.03911,43.766666,3,13,2026-02-20 18:00:00,2026-02-21 16:00:00,2026-02-21 00:00:00,2026-02-21 04:00:00,False
Node1,train,2026-02-20 21:00:00,2026-02-20 22:00:00,43.766666412353516,44.038765,43.766666,3,13,2026-02-20 18:00:00,2026-02-21 16:00:00,2026-02-21 00:00:00,2026-02-21 04:00:00,False
Node1,train,2026-02-20 22:00:00,2026-02-20 23:00:00,43.766666412353516,44.03714,43.766666,3,13,2026-02-20 18:00:00,2026-02-21 16:00:00,2026-02-21 00:00:00,2026-02-21 04:00:00,False
Node1,train,2026-02-20 23:00:00,2026-02-21 00:00:00,43.94285583496094,44.034657,43.766666,3,13,2026-02-20 18:00:00,2026-02-21 16:00:00,2026-02-21 00:00:00,2026-02-21 04:00:00,True
Node1,train,2026-02-21 00:00:00,2026-02-21 01:00:00,43.79999923706055,44.538475,43.942856,3,13,2026-02-20 18:00:00,2026-02-21 16:00:00,2026-02-21 00:00:00,2026-02-21 04:00:00,True
Node1,train,2026-02-21 01:00:00,2026-02-21 02:00:00,44.266666412353516,44.63733,43.8,3,13,2026-02-20 18:00:00,2026-02-21 16:00:00,2026-02-21 00:00:00,2026-02-21 04:00:00,True
Node1,train,2026-02-21 02:00:00,2026-02-21 03:00:00,43.5,44.739113,44.266666,3,13,2026-02-20 18:00:00,2026-02-21 16:00:00,2026-02-21 00:00:00,2026-02-21 04:00:00,True
Node1,train,2026-02-21 03:00:00,2026-02-21 04:00:00,43.35384750366211,44.09747,43.5,3,13,2026-02-20 18:00:00,2026-02-21 16:00:00,2026-02-21 00:00:00,2026-02-21 04:00:00,True
Node1,train,2026-02-21 04:00:00,2026-02-21 05:00:00,43.5,43.90867,43.353848,3,13,2026-02-20 18:00:00,2026-02-21 16:00:00,2026-02-21 00:00:00,2026-02-21 04:00:00,False
Node1,train,2026-02-21 05:00:00,2026-02-21 06:00:00,43.5,43.851788,43.5,3,13,2026-02-20 18:00:00,2026-02-21 16:00:00,2026-02-21 00:00:00,2026-02-21 04:00:00,False
Node1,train,2026-02-21 06:00:00,2026-02-21 07:00:00,43.5,43.751442,43.5,3,13,2026-02-20 18:00:00,2026-02-21 16:00:00,2026-02-21 00:00:00,2026-02-21 04:00:00,False
Node1,train,2026-02-21 07:00:00,2026-02-21 08:00:00,43.5,43.709373,43.5,3,13,2026-02-20 18:00:00,2026-02-21 16:00:00,2026-02-21 00:00:00,2026-02-21 04:00:00,False
Node1,train,2026-02-21 08:00:00,2026-02-21 09:00:00,43.5,43.71911,43.5,3,13,2026-02-20 18:00:00,2026-02-21 16:00:00,2026-02-21 00:00:00,2026-02-21 04:00:00,False
Node1,train,2026-02-21 09:00:00,2026-02-21 10:00:00,44.95000076293945,43.754223,43.5,3,13,2026-02-20 18:00:00,2026-02-21 16:00:00,2026-02-21 00:00:00,2026-02-21 04:00:00,False
Node1,train,2026-02-21 10:00:00,2026-02-21 11:00:00,45.20000076293945,44.862232,44.95,3,13,2026-02-20 18:00:00,2026-02-21 16:00:00,2026-02-21 00:00:00,2026-02-21 04:00:00,False
Node1,train,2026-02-21 11:00:00,2026-02-21 12:00:00,45.05555725097656,45.263977,45.2,3,13,2026-02-20 18:00:00,2026-02-21 16:00:00,2026-02-21 00:00:00,2026-02-21 04:00:00,False
Node1,train,2026-02-21 12:00:00,2026-02-21 13:00:00,45.05555725097656,45.29882,45.055557,3,13,2026-02-20 18:00:00,2026-02-21 16:00:00,2026-02-21 00:00:00,2026-02-21 04:00:00,False
Node1,train,2026-02-21 13:00:00,2026-02-21 14:00:00,45.05555725097656,45.368317,45.055557,3,13,2026-02-20 18:00:00,2026-02-21 16:00:00,2026-02-21 00:00:00,2026-02-21 04:00:00,False
Node1,train,2026-02-21 14:00:00,2026-02-21 15:00:00,45.05555725097656,45.396385,45.055557,3,13,2026-02-20 18:00:00,2026-02-21 16:00:00,2026-02-21 00:00:00,2026-02-21 04:00:00,False
Node1,train,2026-02-21 15:00:00,2026-02-21 16:00:00,45.05555725097656,45.434578,45.055557,3,13,2026-02-20 18:00:00,2026-02-21 16:00:00,2026-02-21 00:00:00,2026-02-21 04:00:00,False
Node2,train,2026-02-20 17:00:00,2026-02-20 18:00:00,55.0,53.12823,55.0,3,13,2026-02-20 18:00:00,2026-02-21 16:00:00,2026-02-21 00:00:00,2026-02-21 04:00:00,False
Node2,train,2026-02-20 18:00:00,2026-02-20 19:00:00,55.0,53.746166,55.0,3,13,2026-02-20 18:00:00,2026-02-21 16:00:00,2026-02-21 00:00:00,2026-02-21 04:00:00,False
Node2,train,2026-02-20 19:00:00,2026-02-20 20:00:00,55.0,54.112244,55.0,3,13,2026-02-20 18:00:00,2026-02-21 16:00:00,2026-02-21 00:00:00,2026-02-21 04:00:00,False
Node2,train,2026-02-20 20:00:00,2026-02-20 21:00:00,55.0,54.41546,55.0,3,13,2026-02-20 18:00:00,2026-02-21 16:00:00,2026-02-21 00:00:00,2026-02-21 04:00:00,False
Node2,train,2026-02-20 21:00:00,2026-02-20 22:00:00,47.233333587646484,54.6235,55.0,3,13,2026-02-20 18:00:00,2026-02-21 16:00:00,2026-02-21 00:00:00,2026-02-21 04:00:00,False
Node2,train,2026-02-20 22:00:00,2026-02-20 23:00:00,25.433332443237305,49.03639,47.233334,3,13,2026-02-20 18:00:00,2026-02-21 16:00:00,2026-02-21 00:00:00,2026-02-21 04:00:00,False
Node2,train,2026-02-20 23:00:00,2026-02-21 00:00:00,34.56922912597656,29.896593,25.433334,3,13,2026-02-20 18:00:00,2026-02-21 16:00:00,2026-02-21 00:00:00,2026-02-21 04:00:00,True
Node2,train,2026-02-21 00:00:00,2026-02-21 01:00:00,35.85789489746094,35.323975,34.569233,3,13,2026-02-20 18:00:00,2026-02-21 16:00:00,2026-02-21 00:00:00,2026-02-21 04:00:00,True
Node2,train,2026-02-21 01:00:00,2026-02-21 02:00:00,44.57500076293945,35.087994,35.857895,3,13,2026-02-20 18:00:00,2026-02-21 16:00:00,2026-02-21 00:00:00,2026-02-21 04:00:00,True
Node2,train,2026-02-21 02:00:00,2026-02-21 03:00:00,39.599998474121094,42.38456,44.575,3,13,2026-02-20 18:00:00,2026-02-21 16:00:00,2026-02-21 00:00:00,2026-02-21 04:00:00,True
Node2,train,2026-02-21 03:00:00,2026-02-21 04:00:00,27.24615478515625,38.95331,39.600002,3,13,2026-02-20 18:00:00,2026-02-21 16:00:00,2026-02-21 00:00:00,2026-02-21 04:00:00,True
Node2,train,2026-02-21 04:00:00,2026-02-21 05:00:00,27.24615478515625,28.294592,27.246155,3,13,2026-02-20 18:00:00,2026-02-21 16:00:00,2026-02-21 00:00:00,2026-02-21 04:00:00,False
Node2,train,2026-02-21 05:00:00,2026-02-21 06:00:00,27.24615478515625,27.216278,27.246155,3,13,2026-02-20 18:00:00,2026-02-21 16:00:00,2026-02-21 00:00:00,2026-02-21 04:00:00,False
Node2,train,2026-02-21 06:00:00,2026-02-21 07:00:00,27.24615478515625,26.845179,27.246155,3,13,2026-02-20 18:00:00,2026-02-21 16:00:00,2026-02-21 00:00:00,2026-02-21 04:00:00,False
Node2,train,2026-02-21 07:00:00,2026-02-21 08:00:00,27.24615478515625,27.058674,27.246155,3,13,2026-02-20 18:00:00,2026-02-21 16:00:00,2026-02-21 00:00:00,2026-02-21 04:00:00,False
Node2,train,2026-02-21 08:00:00,2026-02-21 09:00:00,27.24615478515625,27.645594,27.246155,3,13,2026-02-20 18:00:00,2026-02-21 16:00:00,2026-02-21 00:00:00,2026-02-21 04:00:00,False
Node2,train,2026-02-21 09:00:00,2026-02-21 10:00:00,27.24615478515625,28.216545,27.246155,3,13,2026-02-20 18:00:00,2026-02-21 16:00:00,2026-02-21 00:00:00,2026-02-21 04:00:00,False
Node2,train,2026-02-21 10:00:00,2026-02-21 11:00:00,32.79999923706055,28.592463,27.246155,3,13,2026-02-20 18:00:00,2026-02-21 16:00:00,2026-02-21 00:00:00,2026-02-21 04:00:00,False
Node2,train,2026-02-21 11:00:00,2026-02-21 12:00:00,32.375,33.6119,32.800003,3,13,2026-02-20 18:00:00,2026-02-21 16:00:00,2026-02-21 00:00:00,2026-02-21 04:00:00,False
Node2,train,2026-02-21 12:00:00,2026-02-21 13:00:00,29.530000686645508,34.382557,32.375,3,13,2026-02-20 18:00:00,2026-02-21 16:00:00,2026-02-21 00:00:00,2026-02-21 04:00:00,False
Node2,train,2026-02-21 13:00:00,2026-02-21 14:00:00,25.899999618530273,31.385256,29.53,3,13,2026-02-20 18:00:00,2026-02-21 16:00:00,2026-02-21 00:00:00,2026-02-21 04:00:00,False
Node2,train,2026-02-21 14:00:00,2026-02-21 15:00:00,11.933333396911621,28.33533,25.900002,3,13,2026-02-20 18:00:00,2026-02-21 16:00:00,2026-02-21 00:00:00,2026-02-21 04:00:00,False
Node2,train,2026-02-21 15:00:00,2026-02-21 16:00:00,11.933333396911621,16.27794,11.933334,3,13,2026-02-20 18:00:00,2026-02-21 16:00:00,2026-02-21 00:00:00,2026-02-21 04:00:00,False
Node1,train,2026-02-21 15:00:00,2026-02-21 16:00:00,45.05555725097656,45.434578,45.055557,4,14,2026-02-21 16:00:00,2026-02-22 13:00:00,2026-02-21 22:00:00,2026-02-22 01:00:00,False
Node1,train,2026-02-21 16:00:00,2026-02-21 17:00:00,45.05555725097656,45.447693,45.055557,4,14,2026-02-21 16:00:00,2026-02-22 13:00:00,2026-02-21 22:00:00,2026-02-22 01:00:00,False
Node1,train,2026-02-21 17:00:00,2026-02-21 18:00:00,45.05555725097656,45.449028,45.055557,4,14,2026-02-21 16:00:00,2026-02-22 13:00:00,2026-02-21 22:00:00,2026-02-22 01:00:00,False
Node1,train,2026-02-21 18:00:00,2026-02-21 19:00:00,45.05555725097656,45.449608,45.055557,4,14,2026-02-21 16:00:00,2026-02-22 13:00:00,2026-02-21 22:00:00,2026-02-22 01:00:00,False
Node1,train,2026-02-21 19:00:00,2026-02-21 20:00:00,45.05555725097656,45.44546,45.055557,4,14,2026-02-21 16:00:00,2026-02-22 13:00:00,2026-02-21 22:00:00,2026-02-22 01:00:00,False
Node1,train,2026-02-21 20:00:00,2026-02-21 21:00:00,44.233333587646484,45.43832,45.055557,4,14,2026-02-21 16:00:00,2026-02-22 13:00:00,2026-02-21 22:00:00,2026-02-22 01:00:00,False
Node1,train,2026-02-21 21:00:00,2026-02-21 22:00:00,43.907691955566406,44.835487,44.233334,4,14,2026-02-21 16:00:00,2026-02-22 13:00:00,2026-02-21 22:00:00,2026-02-22 01:00:00,True
Node1,train,2026-02-21 22:00:00,2026-02-21 23:00:00,43.78571319580078,44.48086,43.907692,4,14,2026-02-21 16:00:00,2026-02-22 13:00:00,2026-02-21 22:00:00,2026-02-22 01:00:00,True
Node1,train,2026-02-21 23:00:00,2026-02-22 00:00:00,41.681819915771484,44.40343,43.785713,4,14,2026-02-21 16:00:00,2026-02-22 13:00:00,2026-02-21 22:00:00,2026-02-22 01:00:00,True
Node1,train,2026-02-22 00:00:00,2026-02-22 01:00:00,44.20833206176758,42.68582,41.681816,4,14,2026-02-21 16:00:00,2026-02-22 13:00:00,2026-02-21 22:00:00,2026-02-22 01:00:00,True
Node1,train,2026-02-22 01:00:00,2026-02-22 02:00:00,43.66363525390625,44.212536,44.208332,4,14,2026-02-21 16:00:00,2026-02-22 13:00:00,2026-02-21 22:00:00,2026-02-22 01:00:00,False
Node1,train,2026-02-22 02:00:00,2026-02-22 03:00:00,15.449999809265137,43.913307,43.663635,4,14,2026-02-21 16:00:00,2026-02-22 13:00:00,2026-02-21 22:00:00,2026-02-22 01:00:00,False
Node1,train,2026-02-22 03:00:00,2026-02-22 04:00:00,15.449999809265137,29.041868,15.450001,4,14,2026-02-21 16:00:00,2026-02-22 13:00:00,2026-02-21 22:00:00,2026-02-22 01:00:00,False
Node1,train,2026-02-22 04:00:00,2026-02-22 05:00:00,15.449999809265137,23.470106,15.450001,4,14,2026-02-21 16:00:00,2026-02-22 13:00:00,2026-02-21 22:00:00,2026-02-22 01:00:00,False
Node1,train,2026-02-22 05:00:00,2026-02-22 06:00:00,15.449999809265137,20.402388,15.450001,4,14,2026-02-21 16:00:00,2026-02-22 13:00:00,2026-02-21 22:00:00,2026-02-22 01:00:00,False
Node1,train,2026-02-22 06:00:00,2026-02-22 07:00:00,44.349998474121094,18.608967,15.450001,4,14,2026-02-21 16:00:00,2026-02-22 13:00:00,2026-02-21 22:00:00,2026-02-22 01:00:00,False
Node1,train,2026-02-22 07:00:00,2026-02-22 08:00:00,44.30666732788086,40.71054,44.35,4,14,2026-02-21 16:00:00,2026-02-22 13:00:00,2026-02-21 22:00:00,2026-02-22 01:00:00,False
Node1,train,2026-02-22 08:00:00,2026-02-22 09:00:00,44.45454406738281,43.623047,44.306667,4,14,2026-02-21 16:00:00,2026-02-22 13:00:00,2026-02-21 22:00:00,2026-02-22 01:00:00,False
Node1,train,2026-02-22 09:00:00,2026-02-22 10:00:00,44.32222366333008,44.744453,44.454544,4,14,2026-02-21 16:00:00,2026-02-22 13:00:00,2026-02-21 22:00:00,2026-02-22 01:00:00,False
Node1,train,2026-02-22 10:00:00,2026-02-22 11:00:00,44.391666412353516,45.02639,44.322224,4,14,2026-02-21 16:00:00,2026-02-22 13:00:00,2026-02-21 22:00:00,2026-02-22 01:00:00,False
Node1,train,2026-02-22 11:00:00,2026-02-22 12:00:00,44.61333465576172,45.194584,44.391666,4,14,2026-02-21 16:00:00,2026-02-22 13:00:00,2026-02-21 22:00:00,2026-02-22 01:00:00,False
Node1,train,2026-02-22 12:00:00,2026-02-22 13:00:00,44.57143020629883,45.48168,44.613335,4,14,2026-02-21 16:00:00,2026-02-22 13:00:00,2026-02-21 22:00:00,2026-02-22 01:00:00,False
Node2,train,2026-02-21 15:00:00,2026-02-21 16:00:00,11.933333396911621,16.27794,11.933334,4,14,2026-02-21 16:00:00,2026-02-22 13:00:00,2026-02-21 22:00:00,2026-02-22 01:00:00,False
Node2,train,2026-02-21 16:00:00,2026-02-21 17:00:00,11.933333396911621,13.863447,11.933334,4,14,2026-02-21 16:00:00,2026-02-22 13:00:00,2026-02-21 22:00:00,2026-02-22 01:00:00,False
Node2,train,2026-02-21 17:00:00,2026-02-21 18:00:00,11.933333396911621,12.880064,11.933334,4,14,2026-02-21 16:00:00,2026-02-22 13:00:00,2026-02-21 22:00:00,2026-02-22 01:00:00,False
Node2,train,2026-02-21 18:00:00,2026-02-21 19:00:00,11.933333396911621,12.650768,11.933334,4,14,2026-02-21 16:00:00,2026-02-22 13:00:00,2026-02-21 22:00:00,2026-02-22 01:00:00,False
Node2,train,2026-02-21 19:00:00,2026-02-21 20:00:00,11.933333396911621,12.767649,11.933334,4,14,2026-02-21 16:00:00,2026-02-22 13:00:00,2026-02-21 22:00:00,2026-02-22 01:00:00,False
Node2,train,2026-02-21 20:00:00,2026-02-21 21:00:00,46.21428680419922,13.287712,11.933334,4,14,2026-02-21 16:00:00,2026-02-22 13:00:00,2026-02-21 22:00:00,2026-02-22 01:00:00,False
Node2,train,2026-02-21 21:00:00,2026-02-21 22:00:00,38.984615325927734,40.305992,46.214287,4,14,2026-02-21 16:00:00,2026-02-22 13:00:00,2026-02-21 22:00:00,2026-02-22 01:00:00,True
Node2,train,2026-02-21 22:00:00,2026-02-21 23:00:00,50.005882263183594,38.025425,38.984615,4,14,2026-02-21 16:00:00,2026-02-22 13:00:00,2026-02-21 22:00:00,2026-02-22 01:00:00,True
Node2,train,2026-02-21 23:00:00,2026-02-22 00:00:00,46.81538391113281,47.593346,50.005882,4,14,2026-02-21 16:00:00,2026-02-22 13:00:00,2026-02-21 22:00:00,2026-02-22 01:00:00,True
Node2,train,2026-02-22 00:00:00,2026-02-22 01:00:00,53.900001525878906,46.689823,46.815384,4,14,2026-02-21 16:00:00,2026-02-22 13:00:00,2026-02-21 22:00:00,2026-02-22 01:00:00,True
Node2,train,2026-02-22 01:00:00,2026-02-22 02:00:00,54.109092712402344,52.095604,53.9,4,14,2026-02-21 16:00:00,2026-02-22 13:00:00,2026-02-21 22:00:00,2026-02-22 01:00:00,False
Node2,train,2026-02-22 02:00:00,2026-02-22 03:00:00,55.0,52.80156,54.109093,4,14,2026-02-21 16:00:00,2026-02-22 13:00:00,2026-02-21 22:00:00,2026-02-22 01:00:00,False
Node2,train,2026-02-22 03:00:00,2026-02-22 04:00:00,55.0,53.710274,55.0,4,14,2026-02-21 16:00:00,2026-02-22 13:00:00,2026-02-21 22:00:00,2026-02-22 01:00:00,False
Node2,train,2026-02-22 04:00:00,2026-02-22 05:00:00,55.0,54.165913,55.0,4,14,2026-02-21 16:00:00,2026-02-22 13:00:00,2026-02-21 22:00:00,2026-02-22 01:00:00,False
Node2,train,2026-02-22 05:00:00,2026-02-22 06:00:00,55.0,54.502632,55.0,4,14,2026-02-21 16:00:00,2026-02-22 13:00:00,2026-02-21 22:00:00,2026-02-22 01:00:00,False
Node2,train,2026-02-22 06:00:00,2026-02-22 07:00:00,47.720001220703125,54.7929,55.0,4,14,2026-02-21 16:00:00,2026-02-22 13:00:00,2026-02-21 22:00:00,2026-02-22 01:00:00,False
Node2,train,2026-02-22 07:00:00,2026-02-22 08:00:00,48.088233947753906,49.5736,47.72,4,14,2026-02-21 16:00:00,2026-02-22 13:00:00,2026-02-21 22:00:00,2026-02-22 01:00:00,False
Node2,train,2026-02-22 08:00:00,2026-02-22 09:00:00,54.16428756713867,49.9282,48.088238,4,14,2026-02-21 16:00:00,2026-02-22 13:00:00,2026-02-21 22:00:00,2026-02-22 01:00:00,False
Node2,train,2026-02-22 09:00:00,2026-02-22 10:00:00,54.81666564941406,53.560547,54.164288,4,14,2026-02-21 16:00:00,2026-02-22 13:00:00,2026-02-21 22:00:00,2026-02-22 01:00:00,False
Node2,train,2026-02-22 10:00:00,2026-02-22 11:00:00,53.422725677490234,53.998875,54.816666,4,14,2026-02-21 16:00:00,2026-02-22 13:00:00,2026-02-21 22:00:00,2026-02-22 01:00:00,False
Node2,train,2026-02-22 11:00:00,2026-02-22 12:00:00,54.6529426574707,52.804604,53.42273,4,14,2026-02-21 16:00:00,2026-02-22 13:00:00,2026-02-21 22:00:00,2026-02-22 01:00:00,False
Node2,train,2026-02-22 12:00:00,2026-02-22 13:00:00,54.514286041259766,54.02063,54.652943,4,14,2026-02-21 16:00:00,2026-02-22 13:00:00,2026-02-21 22:00:00,2026-02-22 01:00:00,False
Node1,train,2026-02-22 00:00:00,2026-02-22 01:00:00,44.20833206176758,42.68582,41.681816,5,15,2026-02-22 01:00:00,2026-02-23 08:00:00,2026-02-22 07:00:00,2026-02-22 20:00:00,False
Node1,train,2026-02-22 01:00:00,2026-02-22 02:00:00,43.66363525390625,44.212536,44.208332,5,15,2026-02-22 01:00:00,2026-02-23 08:00:00,2026-02-22 07:00:00,2026-02-22 20:00:00,False
Node1,train,2026-02-22 02:00:00,2026-02-22 03:00:00,15.449999809265137,43.913307,43.663635,5,15,2026-02-22 01:00:00,2026-02-23 08:00:00,2026-02-22 07:00:00,2026-02-22 20:00:00,False
Node1,train,2026-02-22 03:00:00,2026-02-22 04:00:00,15.449999809265137,29.041868,15.450001,5,15,2026-02-22 01:00:00,2026-02-23 08:00:00,2026-02-22 07:00:00,2026-02-22 20:00:00,False
Node1,train,2026-02-22 04:00:00,2026-02-22 05:00:00,15.449999809265137,23.470106,15.450001,5,15,2026-02-22 01:00:00,2026-02-23 08:00:00,2026-02-22 07:00:00,2026-02-22 20:00:00,False
Node1,train,2026-02-22 05:00:00,2026-02-22 06:00:00,15.449999809265137,20.402388,15.450001,5,15,2026-02-22 01:00:00,2026-02-23 08:00:00,2026-02-22 07:00:00,2026-02-22 20:00:00,False
Node1,train,2026-02-22 06:00:00,2026-02-22 07:00:00,44.349998474121094,18.608967,15.450001,5,15,2026-02-22 01:00:00,2026-02-23 08:00:00,2026-02-22 07:00:00,2026-02-22 20:00:00,True
Node1,train,2026-02-22 07:00:00,2026-02-22 08:00:00,44.30666732788086,40.71054,44.35,5,15,2026-02-22 01:00:00,2026-02-23 08:00:00,2026-02-22 07:00:00,2026-02-22 20:00:00,True
Node1,train,2026-02-22 08:00:00,2026-02-22 09:00:00,44.45454406738281,43.623047,44.306667,5,15,2026-02-22 01:00:00,2026-02-23 08:00:00,2026-02-22 07:00:00,2026-02-22 20:00:00,True
Node1,train,2026-02-22 09:00:00,2026-02-22 10:00:00,44.32222366333008,44.744453,44.454544,5,15,2026-02-22 01:00:00,2026-02-23 08:00:00,2026-02-22 07:00:00,2026-02-22 20:00:00,True
Node1,train,2026-02-22 10:00:00,2026-02-22 11:00:00,44.391666412353516,45.02639,44.322224,5,15,2026-02-22 01:00:00,2026-02-23 08:00:00,2026-02-22 07:00:00,2026-02-22 20:00:00,True
Node1,train,2026-02-22 11:00:00,2026-02-22 12:00:00,44.61333465576172,45.194584,44.391666,5,15,2026-02-22 01:00:00,2026-02-23 08:00:00,2026-02-22 07:00:00,2026-02-22 20:00:00,True
Node1,train,2026-02-22 12:00:00,2026-02-22 13:00:00,44.57143020629883,45.48168,44.613335,5,15,2026-02-22 01:00:00,2026-02-23 08:00:00,2026-02-22 07:00:00,2026-02-22 20:00:00,True
Node1,train,2026-02-22 13:00:00,2026-02-22 14:00:00,44.990909576416016,45.487457,44.57143,5,15,2026-02-22 01:00:00,2026-02-23 08:00:00,2026-02-22 07:00:00,2026-02-22 20:00:00,True
Node1,train,2026-02-22 14:00:00,2026-02-22 15:00:00,44.68333435058594,45.703922,44.99091,5,15,2026-02-22 01:00:00,2026-02-23 08:00:00,2026-02-22 07:00:00,2026-02-22 20:00:00,True
Node1,train,2026-02-22 15:00:00,2026-02-22 16:00:00,44.400001525878906,45.465538,44.683334,5,15,2026-02-22 01:00:00,2026-02-23 08:00:00,2026-02-22 07:00:00,2026-02-22 20:00:00,True
Node1,train,2026-02-22 16:00:00,2026-02-22 17:00:00,44.20000076293945,45.283447,44.4,5,15,2026-02-22 01:00:00,2026-02-23 08:00:00,2026-02-22 07:00:00,2026-02-22 20:00:00,True
Node1,train,2026-02-22 17:00:00,2026-02-22 18:00:00,44.43333435058594,45.193684,44.2,5,15,2026-02-22 01:00:00,2026-02-23 08:00:00,2026-02-22 07:00:00,2026-02-22 20:00:00,True
Node1,train,2026-02-22 18:00:00,2026-02-22 19:00:00,44.53076934814453,45.390854,44.433334,5,15,2026-02-22 01:00:00,2026-02-23 08:00:00,2026-02-22 07:00:00,2026-02-22 20:00:00,True
Node1,train,2026-02-22 19:00:00,2026-02-22 20:00:00,44.5,44.873817,44.53077,5,15,2026-02-22 01:00:00,2026-02-23 08:00:00,2026-02-22 07:00:00,2026-02-22 20:00:00,True
Node1,train,2026-02-22 20:00:00,2026-02-22 21:00:00,44.5,44.874237,44.5,5,15,2026-02-22 01:00:00,2026-02-23 08:00:00,2026-02-22 07:00:00,2026-02-22 20:00:00,False
Node1,train,2026-02-22 21:00:00,2026-02-22 22:00:00,19.16666603088379,44.84876,44.5,5,15,2026-02-22 01:00:00,2026-02-23 08:00:00,2026-02-22 07:00:00,2026-02-22 20:00:00,False
Node1,train,2026-02-22 22:00:00,2026-02-22 23:00:00,7.009090900421143,30.706005,19.166666,5,15,2026-02-22 01:00:00,2026-02-23 08:00:00,2026-02-22 07:00:00,2026-02-22 20:00:00,False
Node1,train,2026-02-22 23:00:00,2026-02-23 00:00:00,15.633333206176758,19.804153,7.0090904,5,15,2026-02-22 01:00:00,2026-02-23 08:00:00,2026-02-22 07:00:00,2026-02-22 20:00:00,False
Node1,train,2026-02-23 00:00:00,2026-02-23 01:00:00,15.633333206176758,21.097301,15.633331,5,15,2026-02-22 01:00:00,2026-02-23 08:00:00,2026-02-22 07:00:00,2026-02-22 20:00:00,False
Node1,train,2026-02-23 01:00:00,2026-02-23 02:00:00,15.633333206176758,19.943802,15.633331,5,15,2026-02-22 01:00:00,2026-02-23 08:00:00,2026-02-22 07:00:00,2026-02-22 20:00:00,False
Node1,train,2026-02-23 02:00:00,2026-02-23 03:00:00,15.633333206176758,18.962101,15.633331,5,15,2026-02-22 01:00:00,2026-02-23 08:00:00,2026-02-22 07:00:00,2026-02-22 20:00:00,False
Node1,train,2026-02-23 03:00:00,2026-02-23 04:00:00,43.52857208251953,18.416317,15.633331,5,15,2026-02-22 01:00:00,2026-02-23 08:00:00,2026-02-22 07:00:00,2026-02-22 20:00:00,False
Node1,train,2026-02-23 04:00:00,2026-02-23 05:00:00,43.41666793823242,40.353745,43.528572,5,15,2026-02-22 01:00:00,2026-02-23 08:00:00,2026-02-22 07:00:00,2026-02-22 20:00:00,False
Node1,train,2026-02-23 05:00:00,2026-02-23 06:00:00,43.474998474121094,43.267685,43.416668,5,15,2026-02-22 01:00:00,2026-02-23 08:00:00,2026-02-22 07:00:00,2026-02-22 20:00:00,False
Node1,train,2026-02-23 06:00:00,2026-02-23 07:00:00,43.474998474121094,44.344025,43.475,5,15,2026-02-22 01:00:00,2026-02-23 08:00:00,2026-02-22 07:00:00,2026-02-22 20:00:00,False
Node1,train,2026-02-23 07:00:00,2026-02-23 08:00:00,43.474998474121094,44.770348,43.475,5,15,2026-02-22 01:00:00,2026-02-23 08:00:00,2026-02-22 07:00:00,2026-02-22 20:00:00,False
Node2,train,2026-02-22 00:00:00,2026-02-22 01:00:00,53.900001525878906,46.689823,46.815384,5,15,2026-02-22 01:00:00,2026-02-23 08:00:00,2026-02-22 07:00:00,2026-02-22 20:00:00,False
Node2,train,2026-02-22 01:00:00,2026-02-22 02:00:00,54.109092712402344,52.095604,53.9,5,15,2026-02-22 01:00:00,2026-02-23 08:00:00,2026-02-22 07:00:00,2026-02-22 20:00:00,False
Node2,train,2026-02-22 02:00:00,2026-02-22 03:00:00,55.0,52.80156,54.109093,5,15,2026-02-22 01:00:00,2026-02-23 08:00:00,2026-02-22 07:00:00,2026-02-22 20:00:00,False
Node2,train,2026-02-22 03:00:00,2026-02-22 04:00:00,55.0,53.710274,55.0,5,15,2026-02-22 01:00:00,2026-02-23 08:00:00,2026-02-22 07:00:00,2026-02-22 20:00:00,False
Node2,train,2026-02-22 04:00:00,2026-02-22 05:00:00,55.0,54.165913,55.0,5,15,2026-02-22 01:00:00,2026-02-23 08:00:00,2026-02-22 07:00:00,2026-02-22 20:00:00,False
Node2,train,2026-02-22 05:00:00,2026-02-22 06:00:00,55.0,54.502632,55.0,5,15,2026-02-22 01:00:00,2026-02-23 08:00:00,2026-02-22 07:00:00,2026-02-22 20:00:00,False
Node2,train,2026-02-22 06:00:00,2026-02-22 07:00:00,47.720001220703125,54.7929,55.0,5,15,2026-02-22 01:00:00,2026-02-23 08:00:00,2026-02-22 07:00:00,2026-02-22 20:00:00,True
Node2,train,2026-02-22 07:00:00,2026-02-22 08:00:00,48.088233947753906,49.5736,47.72,5,15,2026-02-22 01:00:00,2026-02-23 08:00:00,2026-02-22 07:00:00,2026-02-22 20:00:00,True
Node2,train,2026-02-22 08:00:00,2026-02-22 09:00:00,54.16428756713867,49.9282,48.088238,5,15,2026-02-22 01:00:00,2026-02-23 08:00:00,2026-02-22 07:00:00,2026-02-22 20:00:00,True
Node2,train,2026-02-22 09:00:00,2026-02-22 10:00:00,54.81666564941406,53.560547,54.164288,5,15,2026-02-22 01:00:00,2026-02-23 08:00:00,2026-02-22 07:00:00,2026-02-22 20:00:00,True
Node2,train,2026-02-22 10:00:00,2026-02-22 11:00:00,53.422725677490234,53.998875,54.816666,5,15,2026-02-22 01:00:00,2026-02-23 08:00:00,2026-02-22 07:00:00,2026-02-22 20:00:00,True
Node2,train,2026-02-22 11:00:00,2026-02-22 12:00:00,54.6529426574707,52.804604,53.42273,5,15,2026-02-22 01:00:00,2026-02-23 08:00:00,2026-02-22 07:00:00,2026-02-22 20:00:00,True
Node2,train,2026-02-22 12:00:00,2026-02-22 13:00:00,54.514286041259766,54.02063,54.652943,5,15,2026-02-22 01:00:00,2026-02-23 08:00:00,2026-02-22 07:00:00,2026-02-22 20:00:00,True
Node2,train,2026-02-22 13:00:00,2026-02-22 14:00:00,54.790000915527344,53.836895,54.51429,5,15,2026-02-22 01:00:00,2026-02-23 08:00:00,2026-02-22 07:00:00,2026-02-22 20:00:00,True
Node2,train,2026-02-22 14:00:00,2026-02-22 15:00:00,53.79999923706055,54.149467,54.79,5,15,2026-02-22 01:00:00,2026-02-23 08:00:00,2026-02-22 07:00:00,2026-02-22 20:00:00,True
Node2,train,2026-02-22 15:00:00,2026-02-22 16:00:00,55.0,53.708412,53.800003,5,15,2026-02-22 01:00:00,2026-02-23 08:00:00,2026-02-22 07:00:00,2026-02-22 20:00:00,True
Node2,train,2026-02-22 16:00:00,2026-02-22 17:00:00,55.0,54.6149,55.0,5,15,2026-02-22 01:00:00,2026-02-23 08:00:00,2026-02-22 07:00:00,2026-02-22 20:00:00,True
Node2,train,2026-02-22 17:00:00,2026-02-22 18:00:00,55.0,54.5953,55.0,5,15,2026-02-22 01:00:00,2026-02-23 08:00:00,2026-02-22 07:00:00,2026-02-22 20:00:00,True
Node2,train,2026-02-22 18:00:00,2026-02-22 19:00:00,55.0,55.022552,55.0,5,15,2026-02-22 01:00:00,2026-02-23 08:00:00,2026-02-22 07:00:00,2026-02-22 20:00:00,True
Node2,train,2026-02-22 19:00:00,2026-02-22 20:00:00,50.72307586669922,55.418015,55.0,5,15,2026-02-22 01:00:00,2026-02-23 08:00:00,2026-02-22 07:00:00,2026-02-22 20:00:00,True
Node2,train,2026-02-22 20:00:00,2026-02-22 21:00:00,42.794734954833984,52.51423,50.72308,5,15,2026-02-22 01:00:00,2026-02-23 08:00:00,2026-02-22 07:00:00,2026-02-22 20:00:00,False
Node2,train,2026-02-22 21:00:00,2026-02-22 22:00:00,54.4461555480957,45.93435,42.79474,5,15,2026-02-22 01:00:00,2026-02-23 08:00:00,2026-02-22 07:00:00,2026-02-22 20:00:00,False
Node2,train,2026-02-22 22:00:00,2026-02-22 23:00:00,52.62727355957031,53.36261,54.446156,5,15,2026-02-22 01:00:00,2026-02-23 08:00:00,2026-02-22 07:00:00,2026-02-22 20:00:00,False
Node2,train,2026-02-22 23:00:00,2026-02-23 00:00:00,52.62727355957031,51.978508,52.627274,5,15,2026-02-22 01:00:00,2026-02-23 08:00:00,2026-02-22 07:00:00,2026-02-22 20:00:00,False
Node2,train,2026-02-23 00:00:00,2026-02-23 01:00:00,52.62727355957031,52.19279,52.627274,5,15,2026-02-22 01:00:00,2026-02-23 08:00:00,2026-02-22 07:00:00,2026-02-22 20:00:00,False
Node2,train,2026-02-23 01:00:00,2026-02-23 02:00:00,52.62727355957031,52.38484,52.627274,5,15,2026-02-22 01:00:00,2026-02-23 08:00:00,2026-02-22 07:00:00,2026-02-22 20:00:00,False
Node2,train,2026-02-23 02:00:00,2026-02-23 03:00:00,52.62727355957031,52.494114,52.627274,5,15,2026-02-22 01:00:00,2026-02-23 08:00:00,2026-02-22 07:00:00,2026-02-22 20:00:00,False
Node2,train,2026-02-23 03:00:00,2026-02-23 04:00:00,55.0,52.58917,52.627274,5,15,2026-02-22 01:00:00,2026-02-23 08:00:00,2026-02-22 07:00:00,2026-02-22 20:00:00,False
Node2,train,2026-02-23 04:00:00,2026-02-23 05:00:00,53.40833282470703,54.215683,55.0,5,15,2026-02-22 01:00:00,2026-02-23 08:00:00,2026-02-22 07:00:00,2026-02-22 20:00:00,False
Node2,train,2026-02-23 05:00:00,2026-02-23 06:00:00,51.875,53.351418,53.408333,5,15,2026-02-22 01:00:00,2026-02-23 08:00:00,2026-02-22 07:00:00,2026-02-22 20:00:00,False
Node2,train,2026-02-23 06:00:00,2026-02-23 07:00:00,51.875,52.46647,51.875,5,15,2026-02-22 01:00:00,2026-02-23 08:00:00,2026-02-22 07:00:00,2026-02-22 20:00:00,False
Node2,train,2026-02-23 07:00:00,2026-02-23 08:00:00,51.875,52.463284,51.875,5,15,2026-02-22 01:00:00,2026-02-23 08:00:00,2026-02-22 07:00:00,2026-02-22 20:00:00,False
Node1,train,2026-02-25 19:00:00,2026-02-25 20:00:00,46.2599983215332,46.45957,46.26,6,17,2026-02-25 20:00:00,2026-02-27 00:00:00,2026-02-26 02:00:00,2026-02-26 12:00:00,False
Node1,train,2026-02-25 20:00:00,2026-02-25 21:00:00,46.2599983215332,46.45957,46.26,6,17,2026-02-25 20:00:00,2026-02-27 00:00:00,2026-02-26 02:00:00,2026-02-26 12:00:00,False
Node1,train,2026-02-25 21:00:00,2026-02-25 22:00:00,46.2599983215332,46.45957,46.26,6,17,2026-02-25 20:00:00,2026-02-27 00:00:00,2026-02-26 02:00:00,2026-02-26 12:00:00,False
Node1,train,2026-02-25 22:00:00,2026-02-25 23:00:00,46.2599983215332,46.45957,46.26,6,17,2026-02-25 20:00:00,2026-02-27 00:00:00,2026-02-26 02:00:00,2026-02-26 12:00:00,False
Node1,train,2026-02-25 23:00:00,2026-02-26 00:00:00,46.2599983215332,46.45957,46.26,6,17,2026-02-25 20:00:00,2026-02-27 00:00:00,2026-02-26 02:00:00,2026-02-26 12:00:00,False
Node1,train,2026-02-26 00:00:00,2026-02-26 01:00:00,46.2599983215332,46.45957,46.26,6,17,2026-02-25 20:00:00,2026-02-27 00:00:00,2026-02-26 02:00:00,2026-02-26 12:00:00,False
Node1,train,2026-02-26 01:00:00,2026-02-26 02:00:00,44.69473648071289,46.45957,46.26,6,17,2026-02-25 20:00:00,2026-02-27 00:00:00,2026-02-26 02:00:00,2026-02-26 12:00:00,True
Node1,train,2026-02-26 02:00:00,2026-02-26 03:00:00,45.57368469238281,46.17677,44.694736,6,17,2026-02-25 20:00:00,2026-02-27 00:00:00,2026-02-26 02:00:00,2026-02-26 12:00:00,True
Node1,train,2026-02-26 03:00:00,2026-02-26 04:00:00,43.900001525878906,46.839188,45.573685,6,17,2026-02-25 20:00:00,2026-02-27 00:00:00,2026-02-26 02:00:00,2026-02-26 12:00:00,True
Node1,train,2026-02-26 04:00:00,2026-02-26 05:00:00,43.653846740722656,45.42789,43.9,6,17,2026-02-25 20:00:00,2026-02-27 00:00:00,2026-02-26 02:00:00,2026-02-26 12:00:00,True
Node1,train,2026-02-26 05:00:00,2026-02-26 06:00:00,43.900001525878906,44.68093,43.653847,6,17,2026-02-25 20:00:00,2026-02-27 00:00:00,2026-02-26 02:00:00,2026-02-26 12:00:00,True
Node1,train,2026-02-26 06:00:00,2026-02-26 07:00:00,44.65833282470703,44.49334,43.9,6,17,2026-02-25 20:00:00,2026-02-27 00:00:00,2026-02-26 02:00:00,2026-02-26 12:00:00,True
Node1,train,2026-02-26 07:00:00,2026-02-26 08:00:00,45.390907287597656,44.73754,44.658333,6,17,2026-02-25 20:00:00,2026-02-27 00:00:00,2026-02-26 02:00:00,2026-02-26 12:00:00,True
Node1,train,2026-02-26 08:00:00,2026-02-26 09:00:00,45.390907287597656,45.144196,45.390907,6,17,2026-02-25 20:00:00,2026-02-27 00:00:00,2026-02-26 02:00:00,2026-02-26 12:00:00,True
Node1,train,2026-02-26 09:00:00,2026-02-26 10:00:00,45.224998474121094,45.17443,45.390907,6,17,2026-02-25 20:00:00,2026-02-27 00:00:00,2026-02-26 02:00:00,2026-02-26 12:00:00,True
Node1,train,2026-02-26 10:00:00,2026-02-26 11:00:00,45.015384674072266,45.218475,45.225,6,17,2026-02-25 20:00:00,2026-02-27 00:00:00,2026-02-26 02:00:00,2026-02-26 12:00:00,True
Node1,train,2026-02-26 11:00:00,2026-02-26 12:00:00,45.70000076293945,45.251633,45.015385,6,17,2026-02-25 20:00:00,2026-02-27 00:00:00,2026-02-26 02:00:00,2026-02-26 12:00:00,True
Node1,train,2026-02-26 12:00:00,2026-02-26 13:00:00,45.29999923706055,45.809372,45.7,6,17,2026-02-25 20:00:00,2026-02-27 00:00:00,2026-02-26 02:00:00,2026-02-26 12:00:00,False
Node1,train,2026-02-26 13:00:00,2026-02-26 14:00:00,45.38333511352539,45.691887,45.3,6,17,2026-02-25 20:00:00,2026-02-27 00:00:00,2026-02-26 02:00:00,2026-02-26 12:00:00,False
Node1,train,2026-02-26 14:00:00,2026-02-26 15:00:00,45.509090423583984,45.786568,45.38333,6,17,2026-02-25 20:00:00,2026-02-27 00:00:00,2026-02-26 02:00:00,2026-02-26 12:00:00,False
Node1,train,2026-02-26 15:00:00,2026-02-26 16:00:00,45.45000076293945,45.880554,45.50909,6,17,2026-02-25 20:00:00,2026-02-27 00:00:00,2026-02-26 02:00:00,2026-02-26 12:00:00,False
Node1,train,2026-02-26 16:00:00,2026-02-26 17:00:00,45.45000076293945,45.90769,45.45,6,17,2026-02-25 20:00:00,2026-02-27 00:00:00,2026-02-26 02:00:00,2026-02-26 12:00:00,False
Node1,train,2026-02-26 17:00:00,2026-02-26 18:00:00,45.43000030517578,45.9281,45.45,6,17,2026-02-25 20:00:00,2026-02-27 00:00:00,2026-02-26 02:00:00,2026-02-26 12:00:00,False
Node1,train,2026-02-26 18:00:00,2026-02-26 19:00:00,45.733333587646484,45.91973,45.43,6,17,2026-02-25 20:00:00,2026-02-27 00:00:00,2026-02-26 02:00:00,2026-02-26 12:00:00,False
Node1,train,2026-02-26 19:00:00,2026-02-26 20:00:00,45.5,46.116837,45.733334,6,17,2026-02-25 20:00:00,2026-02-27 00:00:00,2026-02-26 02:00:00,2026-02-26 12:00:00,False
Node1,train,2026-02-26 20:00:00,2026-02-26 21:00:00,45.36666488647461,45.968773,45.5,6,17,2026-02-25 20:00:00,2026-02-27 00:00:00,2026-02-26 02:00:00,2026-02-26 12:00:00,False
Node1,train,2026-02-26 21:00:00,2026-02-26 22:00:00,45.56666564941406,45.93342,45.366665,6,17,2026-02-25 20:00:00,2026-02-27 00:00:00,2026-02-26 02:00:00,2026-02-26 12:00:00,False
Node1,train,2026-02-26 22:00:00,2026-02-26 23:00:00,45.490909576416016,46.044662,45.566666,6,17,2026-02-25 20:00:00,2026-02-27 00:00:00,2026-02-26 02:00:00,2026-02-26 12:00:00,False
Node1,train,2026-02-26 23:00:00,2026-02-27 00:00:00,45.525001525878906,45.991898,45.49091,6,17,2026-02-25 20:00:00,2026-02-27 00:00:00,2026-02-26 02:00:00,2026-02-26 12:00:00,False
Node2,train,2026-02-25 19:00:00,2026-02-25 20:00:00,52.68333435058594,51.675674,50.591667,6,17,2026-02-25 20:00:00,2026-02-27 00:00:00,2026-02-26 02:00:00,2026-02-26 12:00:00,False
Node2,train,2026-02-25 20:00:00,2026-02-25 21:00:00,52.68333435058594,52.997772,52.683334,6,17,2026-02-25 20:00:00,2026-02-27 00:00:00,2026-02-26 02:00:00,2026-02-26 12:00:00,False
Node2,train,2026-02-25 21:00:00,2026-02-25 22:00:00,52.68333435058594,52.820236,52.683334,6,17,2026-02-25 20:00:00,2026-02-27 00:00:00,2026-02-26 02:00:00,2026-02-26 12:00:00,False
Node2,train,2026-02-25 22:00:00,2026-02-25 23:00:00,52.68333435058594,52.75896,52.683334,6,17,2026-02-25 20:00:00,2026-02-27 00:00:00,2026-02-26 02:00:00,2026-02-26 12:00:00,False
Node2,train,2026-02-25 23:00:00,2026-02-26 00:00:00,52.68333435058594,52.722363,52.683334,6,17,2026-02-25 20:00:00,2026-02-27 00:00:00,2026-02-26 02:00:00,2026-02-26 12:00:00,False
Node2,train,2026-02-26 00:00:00,2026-02-26 01:00:00,52.68333435058594,52.700138,52.683334,6,17,2026-02-25 20:00:00,2026-02-27 00:00:00,2026-02-26 02:00:00,2026-02-26 12:00:00,False
Node2,train,2026-02-26 01:00:00,2026-02-26 02:00:00,54.360870361328125,52.696785,52.683334,6,17,2026-02-25 20:00:00,2026-02-27 00:00:00,2026-02-26 02:00:00,2026-02-26 12:00:00,True
Node2,train,2026-02-26 02:00:00,2026-02-26 03:00:00,54.233333587646484,52.689507,54.36087,6,17,2026-02-25 20:00:00,2026-02-27 00:00:00,2026-02-26 02:00:00,2026-02-26 12:00:00,True
Node2,train,2026-02-26 03:00:00,2026-02-26 04:00:00,55.0,54.30495,54.233337,6,17,2026-02-25 20:00:00,2026-02-27 00:00:00,2026-02-26 02:00:00,2026-02-26 12:00:00,True
Node2,train,2026-02-26 04:00:00,2026-02-26 05:00:00,55.0,55.33499,55.0,6,17,2026-02-25 20:00:00,2026-02-27 00:00:00,2026-02-26 02:00:00,2026-02-26 12:00:00,True
Node2,train,2026-02-26 05:00:00,2026-02-26 06:00:00,55.0,55.45826,55.0,6,17,2026-02-25 20:00:00,2026-02-27 00:00:00,2026-02-26 02:00:00,2026-02-26 12:00:00,True
Node2,train,2026-02-26 06:00:00,2026-02-26 07:00:00,55.0,55.680855,55.0,6,17,2026-02-25 20:00:00,2026-02-27 00:00:00,2026-02-26 02:00:00,2026-02-26 12:00:00,True
Node2,train,2026-02-26 07:00:00,2026-02-26 08:00:00,55.0,55.886307,55.0,6,17,2026-02-25 20:00:00,2026-02-27 00:00:00,2026-02-26 02:00:00,2026-02-26 12:00:00,True
Node2,train,2026-02-26 08:00:00,2026-02-26 09:00:00,55.0,55.63089,55.0,6,17,2026-02-25 20:00:00,2026-02-27 00:00:00,2026-02-26 02:00:00,2026-02-26 12:00:00,True
Node2,train,2026-02-26 09:00:00,2026-02-26 10:00:00,55.0,56.185658,55.0,6,17,2026-02-25 20:00:00,2026-02-27 00:00:00,2026-02-26 02:00:00,2026-02-26 12:00:00,True
Node2,train,2026-02-26 10:00:00,2026-02-26 11:00:00,54.599998474121094,56.53562,55.0,6,17,2026-02-25 20:00:00,2026-02-27 00:00:00,2026-02-26 02:00:00,2026-02-26 12:00:00,True
Node2,train,2026-02-26 11:00:00,2026-02-26 12:00:00,55.0,56.6063,54.6,6,17,2026-02-25 20:00:00,2026-02-27 00:00:00,2026-02-26 02:00:00,2026-02-26 12:00:00,True
Node2,train,2026-02-26 12:00:00,2026-02-26 13:00:00,54.391666412353516,56.95707,55.0,6,17,2026-02-25 20:00:00,2026-02-27 00:00:00,2026-02-26 02:00:00,2026-02-26 12:00:00,False
Node2,train,2026-02-26 13:00:00,2026-02-26 14:00:00,51.81666564941406,56.579117,54.39167,6,17,2026-02-25 20:00:00,2026-02-27 00:00:00,2026-02-26 02:00:00,2026-02-26 12:00:00,False
Node2,train,2026-02-26 14:00:00,2026-02-26 15:00:00,51.81666564941406,55.1025,51.816666,6,17,2026-02-25 20:00:00,2026-02-27 00:00:00,2026-02-26 02:00:00,2026-02-26 12:00:00,False
Node2,train,2026-02-26 15:00:00,2026-02-26 16:00:00,51.81666564941406,54.702576,51.816666,6,17,2026-02-25 20:00:00,2026-02-27 00:00:00,2026-02-26 02:00:00,2026-02-26 12:00:00,False
Node2,train,2026-02-26 16:00:00,2026-02-26 17:00:00,51.81666564941406,54.345398,51.816666,6,17,2026-02-25 20:00:00,2026-02-27 00:00:00,2026-02-26 02:00:00,2026-02-26 12:00:00,False
Node2,train,2026-02-26 17:00:00,2026-02-26 18:00:00,51.81666564941406,54.08719,51.816666,6,17,2026-02-25 20:00:00,2026-02-27 00:00:00,2026-02-26 02:00:00,2026-02-26 12:00:00,False
Node2,train,2026-02-26 18:00:00,2026-02-26 19:00:00,51.81666564941406,53.809223,51.816666,6,17,2026-02-25 20:00:00,2026-02-27 00:00:00,2026-02-26 02:00:00,2026-02-26 12:00:00,False
Node2,train,2026-02-26 19:00:00,2026-02-26 20:00:00,51.81666564941406,53.48246,51.816666,6,17,2026-02-25 20:00:00,2026-02-27 00:00:00,2026-02-26 02:00:00,2026-02-26 12:00:00,False
Node2,train,2026-02-26 20:00:00,2026-02-26 21:00:00,51.81666564941406,53.218517,51.816666,6,17,2026-02-25 20:00:00,2026-02-27 00:00:00,2026-02-26 02:00:00,2026-02-26 12:00:00,False
Node2,train,2026-02-26 21:00:00,2026-02-26 22:00:00,51.81666564941406,52.987328,51.816666,6,17,2026-02-25 20:00:00,2026-02-27 00:00:00,2026-02-26 02:00:00,2026-02-26 12:00:00,False
Node2,train,2026-02-26 22:00:00,2026-02-26 23:00:00,51.81666564941406,52.786255,51.816666,6,17,2026-02-25 20:00:00,2026-02-27 00:00:00,2026-02-26 02:00:00,2026-02-26 12:00:00,False
Node2,train,2026-02-26 23:00:00,2026-02-27 00:00:00,51.81666564941406,52.626625,51.816666,6,17,2026-02-25 20:00:00,2026-02-27 00:00:00,2026-02-26 02:00:00,2026-02-26 12:00:00,False
Node1,train,2026-03-05 18:00:00,2026-03-05 19:00:00,49.34166717529297,49.182793,49.341667,7,20,2026-03-05 19:00:00,2026-03-06 15:00:00,2026-03-06 01:00:00,2026-03-06 03:00:00,False
Node1,train,2026-03-05 19:00:00,2026-03-05 20:00:00,49.34166717529297,49.179867,49.341667,7,20,2026-03-05 19:00:00,2026-03-06 15:00:00,2026-03-06 01:00:00,2026-03-06 03:00:00,False
Node1,train,2026-03-05 20:00:00,2026-03-05 21:00:00,49.34166717529297,49.177563,49.341667,7,20,2026-03-05 19:00:00,2026-03-06 15:00:00,2026-03-06 01:00:00,2026-03-06 03:00:00,False
Node1,train,2026-03-05 21:00:00,2026-03-05 22:00:00,49.34166717529297,49.175808,49.341667,7,20,2026-03-05 19:00:00,2026-03-06 15:00:00,2026-03-06 01:00:00,2026-03-06 03:00:00,False
Node1,train,2026-03-05 22:00:00,2026-03-05 23:00:00,49.34166717529297,49.17452,49.341667,7,20,2026-03-05 19:00:00,2026-03-06 15:00:00,2026-03-06 01:00:00,2026-03-06 03:00:00,False
Node1,train,2026-03-05 23:00:00,2026-03-06 00:00:00,49.34166717529297,49.173622,49.341667,7,20,2026-03-05 19:00:00,2026-03-06 15:00:00,2026-03-06 01:00:00,2026-03-06 03:00:00,False
Node1,train,2026-03-06 00:00:00,2026-03-06 01:00:00,46.06666564941406,49.172386,49.341667,7,20,2026-03-05 19:00:00,2026-03-06 15:00:00,2026-03-06 01:00:00,2026-03-06 03:00:00,True
Node1,train,2026-03-06 01:00:00,2026-03-06 02:00:00,48.900001525878906,47.169487,46.066666,7,20,2026-03-05 19:00:00,2026-03-06 15:00:00,2026-03-06 01:00:00,2026-03-06 03:00:00,True
Node1,train,2026-03-06 02:00:00,2026-03-06 03:00:00,49.90999984741211,48.656334,48.9,7,20,2026-03-05 19:00:00,2026-03-06 15:00:00,2026-03-06 01:00:00,2026-03-06 03:00:00,True
Node1,train,2026-03-06 03:00:00,2026-03-06 04:00:00,49.90999984741211,49.248734,49.91,7,20,2026-03-05 19:00:00,2026-03-06 15:00:00,2026-03-06 01:00:00,2026-03-06 03:00:00,False
Node1,train,2026-03-06 04:00:00,2026-03-06 05:00:00,49.90999984741211,49.31064,49.91,7,20,2026-03-05 19:00:00,2026-03-06 15:00:00,2026-03-06 01:00:00,2026-03-06 03:00:00,False
Node1,train,2026-03-06 05:00:00,2026-03-06 06:00:00,49.90999984741211,49.380608,49.91,7,20,2026-03-05 19:00:00,2026-03-06 15:00:00,2026-03-06 01:00:00,2026-03-06 03:00:00,False
Node1,train,2026-03-06 06:00:00,2026-03-06 07:00:00,49.90999984741211,49.432304,49.91,7,20,2026-03-05 19:00:00,2026-03-06 15:00:00,2026-03-06 01:00:00,2026-03-06 03:00:00,False
Node1,train,2026-03-06 07:00:00,2026-03-06 08:00:00,49.90999984741211,49.473957,49.91,7,20,2026-03-05 19:00:00,2026-03-06 15:00:00,2026-03-06 01:00:00,2026-03-06 03:00:00,False
Node1,train,2026-03-06 08:00:00,2026-03-06 09:00:00,49.90999984741211,49.518524,49.91,7,20,2026-03-05 19:00:00,2026-03-06 15:00:00,2026-03-06 01:00:00,2026-03-06 03:00:00,False
Node1,train,2026-03-06 09:00:00,2026-03-06 10:00:00,49.90999984741211,49.563206,49.91,7,20,2026-03-05 19:00:00,2026-03-06 15:00:00,2026-03-06 01:00:00,2026-03-06 03:00:00,False
Node1,train,2026-03-06 10:00:00,2026-03-06 11:00:00,49.90999984741211,49.604416,49.91,7,20,2026-03-05 19:00:00,2026-03-06 15:00:00,2026-03-06 01:00:00,2026-03-06 03:00:00,False
Node1,train,2026-03-06 11:00:00,2026-03-06 12:00:00,49.90999984741211,49.63914,49.91,7,20,2026-03-05 19:00:00,2026-03-06 15:00:00,2026-03-06 01:00:00,2026-03-06 03:00:00,False
Node1,train,2026-03-06 12:00:00,2026-03-06 13:00:00,49.90999984741211,49.668537,49.91,7,20,2026-03-05 19:00:00,2026-03-06 15:00:00,2026-03-06 01:00:00,2026-03-06 03:00:00,False
Node1,train,2026-03-06 13:00:00,2026-03-06 14:00:00,49.90999984741211,49.802868,49.91,7,20,2026-03-05 19:00:00,2026-03-06 15:00:00,2026-03-06 01:00:00,2026-03-06 03:00:00,False
Node1,train,2026-03-06 14:00:00,2026-03-06 15:00:00,49.90999984741211,49.686966,49.91,7,20,2026-03-05 19:00:00,2026-03-06 15:00:00,2026-03-06 01:00:00,2026-03-06 03:00:00,False
Node2,train,2026-03-05 18:00:00,2026-03-05 19:00:00,48.45000076293945,48.814224,48.45,7,20,2026-03-05 19:00:00,2026-03-06 15:00:00,2026-03-06 01:00:00,2026-03-06 03:00:00,False
Node2,train,2026-03-05 19:00:00,2026-03-05 20:00:00,48.45000076293945,48.816586,48.45,7,20,2026-03-05 19:00:00,2026-03-06 15:00:00,2026-03-06 01:00:00,2026-03-06 03:00:00,False
Node2,train,2026-03-05 20:00:00,2026-03-05 21:00:00,48.45000076293945,48.819355,48.45,7,20,2026-03-05 19:00:00,2026-03-06 15:00:00,2026-03-06 01:00:00,2026-03-06 03:00:00,False
Node2,train,2026-03-05 21:00:00,2026-03-05 22:00:00,48.45000076293945,48.82126,48.45,7,20,2026-03-05 19:00:00,2026-03-06 15:00:00,2026-03-06 01:00:00,2026-03-06 03:00:00,False
Node2,train,2026-03-05 22:00:00,2026-03-05 23:00:00,48.45000076293945,48.822136,48.45,7,20,2026-03-05 19:00:00,2026-03-06 15:00:00,2026-03-06 01:00:00,2026-03-06 03:00:00,False
Node2,train,2026-03-05 23:00:00,2026-03-06 00:00:00,48.45000076293945,48.82262,48.45,7,20,2026-03-05 19:00:00,2026-03-06 15:00:00,2026-03-06 01:00:00,2026-03-06 03:00:00,False
Node2,train,2026-03-06 00:00:00,2026-03-06 01:00:00,8.666666984558105,48.822365,48.45,7,20,2026-03-05 19:00:00,2026-03-06 15:00:00,2026-03-06 01:00:00,2026-03-06 03:00:00,True
Node2,train,2026-03-06 01:00:00,2026-03-06 02:00:00,28.441667556762695,20.22969,8.666668,7,20,2026-03-05 19:00:00,2026-03-06 15:00:00,2026-03-06 01:00:00,2026-03-06 03:00:00,True
Node2,train,2026-03-06 02:00:00,2026-03-06 03:00:00,22.979999542236328,33.503727,28.441668,7,20,2026-03-05 19:00:00,2026-03-06 15:00:00,2026-03-06 01:00:00,2026-03-06 03:00:00,True
Node2,train,2026-03-06 03:00:00,2026-03-06 04:00:00,22.979999542236328,27.000397,22.980001,7,20,2026-03-05 19:00:00,2026-03-06 15:00:00,2026-03-06 01:00:00,2026-03-06 03:00:00,False
Node2,train,2026-03-06 04:00:00,2026-03-06 05:00:00,22.979999542236328,25.351858,22.980001,7,20,2026-03-05 19:00:00,2026-03-06 15:00:00,2026-03-06 01:00:00,2026-03-06 03:00:00,False
Node2,train,2026-03-06 05:00:00,2026-03-06 06:00:00,22.979999542236328,24.428783,22.980001,7,20,2026-03-05 19:00:00,2026-03-06 15:00:00,2026-03-06 01:00:00,2026-03-06 03:00:00,False
Node2,train,2026-03-06 06:00:00,2026-03-06 07:00:00,22.979999542236328,24.051651,22.980001,7,20,2026-03-05 19:00:00,2026-03-06 15:00:00,2026-03-06 01:00:00,2026-03-06 03:00:00,False
Node2,train,2026-03-06 07:00:00,2026-03-06 08:00:00,22.979999542236328,24.01035,22.980001,7,20,2026-03-05 19:00:00,2026-03-06 15:00:00,2026-03-06 01:00:00,2026-03-06 03:00:00,False
Node2,train,2026-03-06 08:00:00,2026-03-06 09:00:00,22.979999542236328,24.173367,22.980001,7,20,2026-03-05 19:00:00,2026-03-06 15:00:00,2026-03-06 01:00:00,2026-03-06 03:00:00,False
Node2,train,2026-03-06 09:00:00,2026-03-06 10:00:00,22.979999542236328,24.371483,22.980001,7,20,2026-03-05 19:00:00,2026-03-06 15:00:00,2026-03-06 01:00:00,2026-03-06 03:00:00,False
Node2,train,2026-03-06 10:00:00,2026-03-06 11:00:00,15.171428680419922,24.545094,22.980001,7,20,2026-03-05 19:00:00,2026-03-06 15:00:00,2026-03-06 01:00:00,2026-03-06 03:00:00,False
Node2,train,2026-03-06 11:00:00,2026-03-06 12:00:00,14.011764526367188,17.601278,15.171429,7,20,2026-03-05 19:00:00,2026-03-06 15:00:00,2026-03-06 01:00:00,2026-03-06 03:00:00,False
Node2,train,2026-03-06 12:00:00,2026-03-06 13:00:00,17.155000686645508,15.217846,14.011766,7,20,2026-03-05 19:00:00,2026-03-06 15:00:00,2026-03-06 01:00:00,2026-03-06 03:00:00,False
Node2,train,2026-03-06 13:00:00,2026-03-06 14:00:00,13.464705467224121,16.88657,17.155,7,20,2026-03-05 19:00:00,2026-03-06 15:00:00,2026-03-06 01:00:00,2026-03-06 03:00:00,False
Node2,train,2026-03-06 14:00:00,2026-03-06 15:00:00,14.317646980285645,14.6132965,13.464706,7,20,2026-03-05 19:00:00,2026-03-06 15:00:00,2026-03-06 01:00:00,2026-03-06 03:00:00,False
Node1,train,2026-03-09 21:00:00,2026-03-09 22:00:00,49.98181915283203,49.818752,50.175,8,22,2026-03-09 22:00:00,2026-03-10 18:00:00,2026-03-10 04:00:00,2026-03-10 06:00:00,False
Node1,train,2026-03-09 22:00:00,2026-03-09 23:00:00,49.733333587646484,49.64337,49.98182,8,22,2026-03-09 22:00:00,2026-03-10 18:00:00,2026-03-10 04:00:00,2026-03-10 06:00:00,False
Node1,train,2026-03-09 23:00:00,2026-03-10 00:00:00,49.57272720336914,49.504543,49.733334,8,22,2026-03-09 22:00:00,2026-03-10 18:00:00,2026-03-10 04:00:00,2026-03-10 06:00:00,False
Node1,train,2026-03-10 00:00:00,2026-03-10 01:00:00,49.609092712402344,49.38158,49.572727,8,22,2026-03-09 22:00:00,2026-03-10 18:00:00,2026-03-10 04:00:00,2026-03-10 06:00:00,False
Node1,train,2026-03-10 01:00:00,2026-03-10 02:00:00,49.608333587646484,49.421696,49.609093,8,22,2026-03-09 22:00:00,2026-03-10 18:00:00,2026-03-10 04:00:00,2026-03-10 06:00:00,False
Node1,train,2026-03-10 02:00:00,2026-03-10 03:00:00,49.818180084228516,49.396248,49.608334,8,22,2026-03-09 22:00:00,2026-03-10 18:00:00,2026-03-10 04:00:00,2026-03-10 06:00:00,False
Node1,train,2026-03-10 03:00:00,2026-03-10 04:00:00,50.0076904296875,49.518116,49.81818,8,22,2026-03-09 22:00:00,2026-03-10 18:00:00,2026-03-10 04:00:00,2026-03-10 06:00:00,True
Node1,train,2026-03-10 04:00:00,2026-03-10 05:00:00,48.5,49.65686,50.00769,8,22,2026-03-09 22:00:00,2026-03-10 18:00:00,2026-03-10 04:00:00,2026-03-10 06:00:00,True
Node1,train,2026-03-10 05:00:00,2026-03-10 06:00:00,46.70833206176758,48.765434,48.5,8,22,2026-03-09 22:00:00,2026-03-10 18:00:00,2026-03-10 04:00:00,2026-03-10 06:00:00,True
Node1,train,2026-03-10 06:00:00,2026-03-10 07:00:00,46.66666793823242,47.529602,46.708332,8,22,2026-03-09 22:00:00,2026-03-10 18:00:00,2026-03-10 04:00:00,2026-03-10 06:00:00,False
Node1,train,2026-03-10 07:00:00,2026-03-10 08:00:00,46.66666793823242,47.26222,46.666668,8,22,2026-03-09 22:00:00,2026-03-10 18:00:00,2026-03-10 04:00:00,2026-03-10 06:00:00,False
Node1,train,2026-03-10 08:00:00,2026-03-10 09:00:00,46.66666793823242,47.089443,46.666668,8,22,2026-03-09 22:00:00,2026-03-10 18:00:00,2026-03-10 04:00:00,2026-03-10 06:00:00,False
Node1,train,2026-03-10 09:00:00,2026-03-10 10:00:00,46.66666793823242,46.96621,46.666668,8,22,2026-03-09 22:00:00,2026-03-10 18:00:00,2026-03-10 04:00:00,2026-03-10 06:00:00,False
Node1,train,2026-03-10 10:00:00,2026-03-10 11:00:00,46.66666793823242,46.890457,46.666668,8,22,2026-03-09 22:00:00,2026-03-10 18:00:00,2026-03-10 04:00:00,2026-03-10 06:00:00,False
Node1,train,2026-03-10 11:00:00,2026-03-10 12:00:00,46.66666793823242,46.846718,46.666668,8,22,2026-03-09 22:00:00,2026-03-10 18:00:00,2026-03-10 04:00:00,2026-03-10 06:00:00,False
Node1,train,2026-03-10 12:00:00,2026-03-10 13:00:00,46.66666793823242,46.81694,46.666668,8,22,2026-03-09 22:00:00,2026-03-10 18:00:00,2026-03-10 04:00:00,2026-03-10 06:00:00,False
Node1,train,2026-03-10 13:00:00,2026-03-10 14:00:00,46.66666793823242,46.786545,46.666668,8,22,2026-03-09 22:00:00,2026-03-10 18:00:00,2026-03-10 04:00:00,2026-03-10 06:00:00,False
Node1,train,2026-03-10 14:00:00,2026-03-10 15:00:00,46.66666793823242,46.767567,46.666668,8,22,2026-03-09 22:00:00,2026-03-10 18:00:00,2026-03-10 04:00:00,2026-03-10 06:00:00,False
Node1,train,2026-03-10 15:00:00,2026-03-10 16:00:00,46.66666793823242,46.753082,46.666668,8,22,2026-03-09 22:00:00,2026-03-10 18:00:00,2026-03-10 04:00:00,2026-03-10 06:00:00,False
Node1,train,2026-03-10 16:00:00,2026-03-10 17:00:00,46.66666793823242,46.74978,46.666668,8,22,2026-03-09 22:00:00,2026-03-10 18:00:00,2026-03-10 04:00:00,2026-03-10 06:00:00,False
Node1,train,2026-03-10 17:00:00,2026-03-10 18:00:00,46.66666793823242,46.805187,46.666668,8,22,2026-03-09 22:00:00,2026-03-10 18:00:00,2026-03-10 04:00:00,2026-03-10 06:00:00,False
Node2,train,2026-03-09 21:00:00,2026-03-09 22:00:00,15.716666221618652,17.519093,15.716667,8,22,2026-03-09 22:00:00,2026-03-10 18:00:00,2026-03-10 04:00:00,2026-03-10 06:00:00,False
Node2,train,2026-03-09 22:00:00,2026-03-09 23:00:00,15.716666221618652,17.519093,15.716667,8,22,2026-03-09 22:00:00,2026-03-10 18:00:00,2026-03-10 04:00:00,2026-03-10 06:00:00,False
Node2,train,2026-03-09 23:00:00,2026-03-10 00:00:00,15.716666221618652,17.519093,15.716667,8,22,2026-03-09 22:00:00,2026-03-10 18:00:00,2026-03-10 04:00:00,2026-03-10 06:00:00,False
Node2,train,2026-03-10 00:00:00,2026-03-10 01:00:00,15.716666221618652,17.519093,15.716667,8,22,2026-03-09 22:00:00,2026-03-10 18:00:00,2026-03-10 04:00:00,2026-03-10 06:00:00,False
Node2,train,2026-03-10 01:00:00,2026-03-10 02:00:00,15.716666221618652,17.519093,15.716667,8,22,2026-03-09 22:00:00,2026-03-10 18:00:00,2026-03-10 04:00:00,2026-03-10 06:00:00,False
Node2,validation,2026-03-10 02:00:00,2026-03-10 03:00:00,15.716666221618652,17.519093,15.716667,8,22,2026-03-09 22:00:00,2026-03-10 18:00:00,2026-03-10 04:00:00,2026-03-10 06:00:00,False
Node2,validation,2026-03-10 03:00:00,2026-03-10 04:00:00,4.900000095367432,17.519093,15.716667,8,22,2026-03-09 22:00:00,2026-03-10 18:00:00,2026-03-10 04:00:00,2026-03-10 06:00:00,True
Node2,validation,2026-03-10 04:00:00,2026-03-10 05:00:00,27.0230770111084,9.166897,4.8999996,8,22,2026-03-09 22:00:00,2026-03-10 18:00:00,2026-03-10 04:00:00,2026-03-10 06:00:00,True
Node2,validation,2026-03-10 05:00:00,2026-03-10 06:00:00,30.59166717529297,28.109947,27.023079,8,22,2026-03-09 22:00:00,2026-03-10 18:00:00,2026-03-10 04:00:00,2026-03-10 06:00:00,True
Node2,validation,2026-03-10 06:00:00,2026-03-10 07:00:00,30.59166717529297,33.238132,30.591667,8,22,2026-03-09 22:00:00,2026-03-10 18:00:00,2026-03-10 04:00:00,2026-03-10 06:00:00,False
Node2,validation,2026-03-10 07:00:00,2026-03-10 08:00:00,30.59166717529297,34.266132,30.591667,8,22,2026-03-09 22:00:00,2026-03-10 18:00:00,2026-03-10 04:00:00,2026-03-10 06:00:00,False
Node2,validation,2026-03-10 08:00:00,2026-03-10 09:00:00,30.59166717529297,34.395023,30.591667,8,22,2026-03-09 22:00:00,2026-03-10 18:00:00,2026-03-10 04:00:00,2026-03-10 06:00:00,False
Node2,validation,2026-03-10 09:00:00,2026-03-10 10:00:00,31.079999923706055,33.985416,30.591667,8,22,2026-03-09 22:00:00,2026-03-10 18:00:00,2026-03-10 04:00:00,2026-03-10 06:00:00,False
Node2,validation,2026-03-10 10:00:00,2026-03-10 11:00:00,26.108333587646484,33.790104,31.080002,8,22,2026-03-09 22:00:00,2026-03-10 18:00:00,2026-03-10 04:00:00,2026-03-10 06:00:00,False
Node2,validation,2026-03-10 11:00:00,2026-03-10 12:00:00,19.983333587646484,28.545687,26.108334,8,22,2026-03-09 22:00:00,2026-03-10 18:00:00,2026-03-10 04:00:00,2026-03-10 06:00:00,False
Node2,validation,2026-03-10 12:00:00,2026-03-10 13:00:00,19.983333587646484,21.836533,19.983334,8,22,2026-03-09 22:00:00,2026-03-10 18:00:00,2026-03-10 04:00:00,2026-03-10 06:00:00,False
Node2,validation,2026-03-10 13:00:00,2026-03-10 14:00:00,19.983333587646484,20.447136,19.983334,8,22,2026-03-09 22:00:00,2026-03-10 18:00:00,2026-03-10 04:00:00,2026-03-10 06:00:00,False
Node2,validation,2026-03-10 14:00:00,2026-03-10 15:00:00,19.983333587646484,19.982813,19.983334,8,22,2026-03-09 22:00:00,2026-03-10 18:00:00,2026-03-10 04:00:00,2026-03-10 06:00:00,False
Node2,validation,2026-03-10 15:00:00,2026-03-10 16:00:00,19.983333587646484,20.009163,19.983334,8,22,2026-03-09 22:00:00,2026-03-10 18:00:00,2026-03-10 04:00:00,2026-03-10 06:00:00,False
Node2,validation,2026-03-10 16:00:00,2026-03-10 17:00:00,19.983333587646484,20.082897,19.983334,8,22,2026-03-09 22:00:00,2026-03-10 18:00:00,2026-03-10 04:00:00,2026-03-10 06:00:00,False
Node2,validation,2026-03-10 17:00:00,2026-03-10 18:00:00,19.983333587646484,20.893272,19.983334,8,22,2026-03-09 22:00:00,2026-03-10 18:00:00,2026-03-10 04:00:00,2026-03-10 06:00:00,False
Node1,validation,2026-04-07 04:00:00,2026-04-07 05:00:00,46.96666717529297,47.11793,46.966667,9,25,2026-04-07 05:00:00,2026-04-07 23:00:00,2026-04-07 11:00:00,2026-04-07 11:00:00,False
Node1,validation,2026-04-07 05:00:00,2026-04-07 06:00:00,46.96666717529297,47.11793,46.966667,9,25,2026-04-07 05:00:00,2026-04-07 23:00:00,2026-04-07 11:00:00,2026-04-07 11:00:00,False
Node1,validation,2026-04-07 06:00:00,2026-04-07 07:00:00,46.96666717529297,47.11793,46.966667,9,25,2026-04-07 05:00:00,2026-04-07 23:00:00,2026-04-07 11:00:00,2026-04-07 11:00:00,False
Node1,validation,2026-04-07 07:00:00,2026-04-07 08:00:00,46.96666717529297,47.11793,46.966667,9,25,2026-04-07 05:00:00,2026-04-07 23:00:00,2026-04-07 11:00:00,2026-04-07 11:00:00,False
Node1,validation,2026-04-07 08:00:00,2026-04-07 09:00:00,46.96666717529297,47.11793,46.966667,9,25,2026-04-07 05:00:00,2026-04-07 23:00:00,2026-04-07 11:00:00,2026-04-07 11:00:00,False
Node1,validation,2026-04-07 09:00:00,2026-04-07 10:00:00,46.96666717529297,47.11793,46.966667,9,25,2026-04-07 05:00:00,2026-04-07 23:00:00,2026-04-07 11:00:00,2026-04-07 11:00:00,False
Node1,validation,2026-04-07 10:00:00,2026-04-07 11:00:00,48.88333511352539,47.11793,46.966667,9,25,2026-04-07 05:00:00,2026-04-07 23:00:00,2026-04-07 11:00:00,2026-04-07 11:00:00,True
Node1,validation,2026-04-07 11:00:00,2026-04-07 12:00:00,48.56666564941406,48.463142,48.88333,9,25,2026-04-07 05:00:00,2026-04-07 23:00:00,2026-04-07 11:00:00,2026-04-07 11:00:00,False
Node1,validation,2026-04-07 12:00:00,2026-04-07 13:00:00,48.349998474121094,48.397034,48.566666,9,25,2026-04-07 05:00:00,2026-04-07 23:00:00,2026-04-07 11:00:00,2026-04-07 11:00:00,False
Node1,validation,2026-04-07 13:00:00,2026-04-07 14:00:00,48.349998474121094,48.286324,48.35,9,25,2026-04-07 05:00:00,2026-04-07 23:00:00,2026-04-07 11:00:00,2026-04-07 11:00:00,False
Node1,validation,2026-04-07 14:00:00,2026-04-07 15:00:00,48.349998474121094,48.286945,48.35,9,25,2026-04-07 05:00:00,2026-04-07 23:00:00,2026-04-07 11:00:00,2026-04-07 11:00:00,False
Node1,validation,2026-04-07 15:00:00,2026-04-07 16:00:00,48.349998474121094,48.30494,48.35,9,25,2026-04-07 05:00:00,2026-04-07 23:00:00,2026-04-07 11:00:00,2026-04-07 11:00:00,False
Node1,validation,2026-04-07 16:00:00,2026-04-07 17:00:00,48.349998474121094,48.319553,48.35,9,25,2026-04-07 05:00:00,2026-04-07 23:00:00,2026-04-07 11:00:00,2026-04-07 11:00:00,False
Node1,validation,2026-04-07 17:00:00,2026-04-07 18:00:00,48.349998474121094,48.332672,48.35,9,25,2026-04-07 05:00:00,2026-04-07 23:00:00,2026-04-07 11:00:00,2026-04-07 11:00:00,False
Node1,validation,2026-04-07 18:00:00,2026-04-07 19:00:00,48.349998474121094,48.35359,48.35,9,25,2026-04-07 05:00:00,2026-04-07 23:00:00,2026-04-07 11:00:00,2026-04-07 11:00:00,False
Node1,validation,2026-04-07 19:00:00,2026-04-07 20:00:00,45.79999923706055,48.380424,48.35,9,25,2026-04-07 05:00:00,2026-04-07 23:00:00,2026-04-07 11:00:00,2026-04-07 11:00:00,False
Node1,validation,2026-04-07 20:00:00,2026-04-07 21:00:00,45.70000076293945,46.720016,45.8,9,25,2026-04-07 05:00:00,2026-04-07 23:00:00,2026-04-07 11:00:00,2026-04-07 11:00:00,False
Node1,validation,2026-04-07 21:00:00,2026-04-07 22:00:00,45.766666412353516,46.412724,45.7,9,25,2026-04-07 05:00:00,2026-04-07 23:00:00,2026-04-07 11:00:00,2026-04-07 11:00:00,False
Node1,validation,2026-04-07 22:00:00,2026-04-07 23:00:00,45.766666412353516,46.284447,45.766666,9,25,2026-04-07 05:00:00,2026-04-07 23:00:00,2026-04-07 11:00:00,2026-04-07 11:00:00,False
Node2,test,2026-04-07 04:00:00,2026-04-07 05:00:00,18.299999237060547,20.039232,18.300001,9,25,2026-04-07 05:00:00,2026-04-07 23:00:00,2026-04-07 11:00:00,2026-04-07 11:00:00,False
Node2,test,2026-04-07 05:00:00,2026-04-07 06:00:00,18.299999237060547,20.039232,18.300001,9,25,2026-04-07 05:00:00,2026-04-07 23:00:00,2026-04-07 11:00:00,2026-04-07 11:00:00,False
Node2,test,2026-04-07 06:00:00,2026-04-07 07:00:00,18.299999237060547,20.039232,18.300001,9,25,2026-04-07 05:00:00,2026-04-07 23:00:00,2026-04-07 11:00:00,2026-04-07 11:00:00,False
Node2,test,2026-04-07 07:00:00,2026-04-07 08:00:00,18.299999237060547,20.039232,18.300001,9,25,2026-04-07 05:00:00,2026-04-07 23:00:00,2026-04-07 11:00:00,2026-04-07 11:00:00,False
Node2,test,2026-04-07 08:00:00,2026-04-07 09:00:00,22.399999618530273,20.039232,18.300001,9,25,2026-04-07 05:00:00,2026-04-07 23:00:00,2026-04-07 11:00:00,2026-04-07 11:00:00,False
Node2,test,2026-04-07 09:00:00,2026-04-07 10:00:00,47.974998474121094,23.879942,22.400002,9,25,2026-04-07 05:00:00,2026-04-07 23:00:00,2026-04-07 11:00:00,2026-04-07 11:00:00,False
Node2,test,2026-04-07 10:00:00,2026-04-07 11:00:00,55.0,43.779156,47.975002,9,25,2026-04-07 05:00:00,2026-04-07 23:00:00,2026-04-07 11:00:00,2026-04-07 11:00:00,True
Node2,test,2026-04-07 11:00:00,2026-04-07 12:00:00,55.0,50.57186,55.0,9,25,2026-04-07 05:00:00,2026-04-07 23:00:00,2026-04-07 11:00:00,2026-04-07 11:00:00,False
Node2,test,2026-04-07 12:00:00,2026-04-07 13:00:00,55.0,52.322098,55.0,9,25,2026-04-07 05:00:00,2026-04-07 23:00:00,2026-04-07 11:00:00,2026-04-07 11:00:00,False
Node2,test,2026-04-07 13:00:00,2026-04-07 14:00:00,55.0,53.409058,55.0,9,25,2026-04-07 05:00:00,2026-04-07 23:00:00,2026-04-07 11:00:00,2026-04-07 11:00:00,False
Node2,test,2026-04-07 14:00:00,2026-04-07 15:00:00,54.014286041259766,54.05964,55.0,9,25,2026-04-07 05:00:00,2026-04-07 23:00:00,2026-04-07 11:00:00,2026-04-07 11:00:00,False
Node2,test,2026-04-07 15:00:00,2026-04-07 16:00:00,55.0,53.819214,54.01429,9,25,2026-04-07 05:00:00,2026-04-07 23:00:00,2026-04-07 11:00:00,2026-04-07 11:00:00,False
Node2,test,2026-04-07 16:00:00,2026-04-07 17:00:00,47.025001525878906,54.696083,55.0,9,25,2026-04-07 05:00:00,2026-04-07 23:00:00,2026-04-07 11:00:00,2026-04-07 11:00:00,False
Node2,test,2026-04-07 17:00:00,2026-04-07 18:00:00,47.025001525878906,48.96318,47.025,9,25,2026-04-07 05:00:00,2026-04-07 23:00:00,2026-04-07 11:00:00,2026-04-07 11:00:00,False
Node2,test,2026-04-07 18:00:00,2026-04-07 19:00:00,47.025001525878906,48.86898,47.025,9,25,2026-04-07 05:00:00,2026-04-07 23:00:00,2026-04-07 11:00:00,2026-04-07 11:00:00,False
Node2,test,2026-04-07 19:00:00,2026-04-07 20:00:00,55.0,48.483414,47.025,9,25,2026-04-07 05:00:00,2026-04-07 23:00:00,2026-04-07 11:00:00,2026-04-07 11:00:00,False
Node2,test,2026-04-07 20:00:00,2026-04-07 21:00:00,55.0,53.46204,55.0,9,25,2026-04-07 05:00:00,2026-04-07 23:00:00,2026-04-07 11:00:00,2026-04-07 11:00:00,False
Node2,test,2026-04-07 21:00:00,2026-04-07 22:00:00,55.0,53.57039,55.0,9,25,2026-04-07 05:00:00,2026-04-07 23:00:00,2026-04-07 11:00:00,2026-04-07 11:00:00,False
Node2,test,2026-04-07 22:00:00,2026-04-07 23:00:00,55.0,53.61814,55.0,9,25,2026-04-07 05:00:00,2026-04-07 23:00:00,2026-04-07 11:00:00,2026-04-07 11:00:00,False
Node1,test,2026-04-18 07:00:00,2026-04-18 08:00:00,48.82500076293945,48.746487,48.825,10,26,2026-04-18 08:00:00,2026-04-19 05:00:00,2026-04-18 14:00:00,2026-04-18 17:00:00,False
Node1,test,2026-04-18 08:00:00,2026-04-18 09:00:00,48.82500076293945,48.746487,48.825,10,26,2026-04-18 08:00:00,2026-04-19 05:00:00,2026-04-18 14:00:00,2026-04-18 17:00:00,False
Node1,test,2026-04-18 09:00:00,2026-04-18 10:00:00,48.82500076293945,48.746487,48.825,10,26,2026-04-18 08:00:00,2026-04-19 05:00:00,2026-04-18 14:00:00,2026-04-18 17:00:00,False
Node1,test,2026-04-18 10:00:00,2026-04-18 11:00:00,48.82500076293945,48.746487,48.825,10,26,2026-04-18 08:00:00,2026-04-19 05:00:00,2026-04-18 14:00:00,2026-04-18 17:00:00,False
Node1,test,2026-04-18 11:00:00,2026-04-18 12:00:00,48.82500076293945,48.746487,48.825,10,26,2026-04-18 08:00:00,2026-04-19 05:00:00,2026-04-18 14:00:00,2026-04-18 17:00:00,False
Node1,test,2026-04-18 12:00:00,2026-04-18 13:00:00,48.82500076293945,48.746487,48.825,10,26,2026-04-18 08:00:00,2026-04-19 05:00:00,2026-04-18 14:00:00,2026-04-18 17:00:00,False
Node1,test,2026-04-18 13:00:00,2026-04-18 14:00:00,9.5,48.746487,48.825,10,26,2026-04-18 08:00:00,2026-04-19 05:00:00,2026-04-18 14:00:00,2026-04-18 17:00:00,True
Node1,test,2026-04-18 14:00:00,2026-04-18 15:00:00,23.25,31.079525,9.5,10,26,2026-04-18 08:00:00,2026-04-19 05:00:00,2026-04-18 14:00:00,2026-04-18 17:00:00,True
Node1,test,2026-04-18 15:00:00,2026-04-18 16:00:00,42.599998474121094,35.2481,23.249998,10,26,2026-04-18 08:00:00,2026-04-19 05:00:00,2026-04-18 14:00:00,2026-04-18 17:00:00,True
Node1,test,2026-04-18 16:00:00,2026-04-18 17:00:00,40.5,46.47259,42.6,10,26,2026-04-18 08:00:00,2026-04-19 05:00:00,2026-04-18 14:00:00,2026-04-18 17:00:00,True
Node1,test,2026-04-18 17:00:00,2026-04-18 18:00:00,40.5,44.912193,40.5,10,26,2026-04-18 08:00:00,2026-04-19 05:00:00,2026-04-18 14:00:00,2026-04-18 17:00:00,False
Node1,test,2026-04-18 18:00:00,2026-04-18 19:00:00,40.5,44.341656,40.5,10,26,2026-04-18 08:00:00,2026-04-19 05:00:00,2026-04-18 14:00:00,2026-04-18 17:00:00,False
Node1,test,2026-04-18 19:00:00,2026-04-18 20:00:00,40.5,43.69514,40.5,10,26,2026-04-18 08:00:00,2026-04-19 05:00:00,2026-04-18 14:00:00,2026-04-18 17:00:00,False
Node1,test,2026-04-18 20:00:00,2026-04-18 21:00:00,40.5,43.054504,40.5,10,26,2026-04-18 08:00:00,2026-04-19 05:00:00,2026-04-18 14:00:00,2026-04-18 17:00:00,False
Node1,test,2026-04-18 21:00:00,2026-04-18 22:00:00,40.5,42.47806,40.5,10,26,2026-04-18 08:00:00,2026-04-19 05:00:00,2026-04-18 14:00:00,2026-04-18 17:00:00,False
Node1,test,2026-04-18 22:00:00,2026-04-18 23:00:00,40.5,41.99641,40.5,10,26,2026-04-18 08:00:00,2026-04-19 05:00:00,2026-04-18 14:00:00,2026-04-18 17:00:00,False
Node1,test,2026-04-18 23:00:00,2026-04-19 00:00:00,40.5,41.618732,40.5,10,26,2026-04-18 08:00:00,2026-04-19 05:00:00,2026-04-18 14:00:00,2026-04-18 17:00:00,False
Node1,test,2026-04-19 00:00:00,2026-04-19 01:00:00,40.5,41.335197,40.5,10,26,2026-04-18 08:00:00,2026-04-19 05:00:00,2026-04-18 14:00:00,2026-04-18 17:00:00,False
Node1,test,2026-04-19 01:00:00,2026-04-19 02:00:00,40.5,41.1293,40.5,10,26,2026-04-18 08:00:00,2026-04-19 05:00:00,2026-04-18 14:00:00,2026-04-18 17:00:00,False
Node1,test,2026-04-19 02:00:00,2026-04-19 03:00:00,40.5,41.267006,40.5,10,26,2026-04-18 08:00:00,2026-04-19 05:00:00,2026-04-18 14:00:00,2026-04-18 17:00:00,False
Node1,test,2026-04-19 03:00:00,2026-04-19 04:00:00,40.5,40.906708,40.5,10,26,2026-04-18 08:00:00,2026-04-19 05:00:00,2026-04-18 14:00:00,2026-04-18 17:00:00,False
Node1,test,2026-04-19 04:00:00,2026-04-19 05:00:00,40.5,40.70677,40.5,10,26,2026-04-18 08:00:00,2026-04-19 05:00:00,2026-04-18 14:00:00,2026-04-18 17:00:00,False
Node2,test,2026-04-18 07:00:00,2026-04-18 08:00:00,55.0,54.70234,55.0,10,26,2026-04-18 08:00:00,2026-04-19 05:00:00,2026-04-18 14:00:00,2026-04-18 17:00:00,False
Node2,test,2026-04-18 08:00:00,2026-04-18 09:00:00,55.0,54.70234,55.0,10,26,2026-04-18 08:00:00,2026-04-19 05:00:00,2026-04-18 14:00:00,2026-04-18 17:00:00,False
Node2,test,2026-04-18 09:00:00,2026-04-18 10:00:00,5.0,54.70234,55.0,10,26,2026-04-18 08:00:00,2026-04-19 05:00:00,2026-04-18 14:00:00,2026-04-18 17:00:00,False
Node2,test,2026-04-18 10:00:00,2026-04-18 11:00:00,25.0,21.46689,5.0,10,26,2026-04-18 08:00:00,2026-04-19 05:00:00,2026-04-18 14:00:00,2026-04-18 17:00:00,False
Node2,test,2026-04-18 11:00:00,2026-04-18 12:00:00,40.0,34.222034,25.0,10,26,2026-04-18 08:00:00,2026-04-19 05:00:00,2026-04-18 14:00:00,2026-04-18 17:00:00,False
Node2,test,2026-04-18 12:00:00,2026-04-18 13:00:00,42.5,43.504417,40.0,10,26,2026-04-18 08:00:00,2026-04-19 05:00:00,2026-04-18 14:00:00,2026-04-18 17:00:00,False
Node2,test,2026-04-18 13:00:00,2026-04-18 14:00:00,5.5,45.047096,42.5,10,26,2026-04-18 08:00:00,2026-04-19 05:00:00,2026-04-18 14:00:00,2026-04-18 17:00:00,True
Node2,test,2026-04-18 14:00:00,2026-04-18 15:00:00,12.0,18.88247,5.5,10,26,2026-04-18 08:00:00,2026-04-19 05:00:00,2026-04-18 14:00:00,2026-04-18 17:00:00,True
Node2,test,2026-04-18 15:00:00,2026-04-18 16:00:00,35.400001525878906,20.249374,12.000002,10,26,2026-04-18 08:00:00,2026-04-19 05:00:00,2026-04-18 14:00:00,2026-04-18 17:00:00,True
Node2,test,2026-04-18 16:00:00,2026-04-18 17:00:00,48.0,37.69788,35.4,10,26,2026-04-18 08:00:00,2026-04-19 05:00:00,2026-04-18 14:00:00,2026-04-18 17:00:00,True
Node2,test,2026-04-18 17:00:00,2026-04-18 18:00:00,48.0,47.10293,48.0,10,26,2026-04-18 08:00:00,2026-04-19 05:00:00,2026-04-18 14:00:00,2026-04-18 17:00:00,False
Node2,test,2026-04-18 18:00:00,2026-04-18 19:00:00,48.0,48.313072,48.0,10,26,2026-04-18 08:00:00,2026-04-19 05:00:00,2026-04-18 14:00:00,2026-04-18 17:00:00,False
Node2,test,2026-04-18 19:00:00,2026-04-18 20:00:00,48.0,49.012627,48.0,10,26,2026-04-18 08:00:00,2026-04-19 05:00:00,2026-04-18 14:00:00,2026-04-18 17:00:00,False
Node2,test,2026-04-18 20:00:00,2026-04-18 21:00:00,48.0,49.315178,48.0,10,26,2026-04-18 08:00:00,2026-04-19 05:00:00,2026-04-18 14:00:00,2026-04-18 17:00:00,False
Node2,test,2026-04-18 21:00:00,2026-04-18 22:00:00,48.0,49.389526,48.0,10,26,2026-04-18 08:00:00,2026-04-19 05:00:00,2026-04-18 14:00:00,2026-04-18 17:00:00,False
Node2,test,2026-04-18 22:00:00,2026-04-18 23:00:00,48.0,49.078743,48.0,10,26,2026-04-18 08:00:00,2026-04-19 05:00:00,2026-04-18 14:00:00,2026-04-18 17:00:00,False
Node2,test,2026-04-18 23:00:00,2026-04-19 00:00:00,48.0,49.113956,48.0,10,26,2026-04-18 08:00:00,2026-04-19 05:00:00,2026-04-18 14:00:00,2026-04-18 17:00:00,False
Node2,test,2026-04-19 00:00:00,2026-04-19 01:00:00,48.0,49.130356,48.0,10,26,2026-04-18 08:00:00,2026-04-19 05:00:00,2026-04-18 14:00:00,2026-04-18 17:00:00,False
Node2,test,2026-04-19 01:00:00,2026-04-19 02:00:00,48.0,49.001167,48.0,10,26,2026-04-18 08:00:00,2026-04-19 05:00:00,2026-04-18 14:00:00,2026-04-18 17:00:00,False
Node2,test,2026-04-19 02:00:00,2026-04-19 03:00:00,48.0,48.909843,48.0,10,26,2026-04-18 08:00:00,2026-04-19 05:00:00,2026-04-18 14:00:00,2026-04-18 17:00:00,False
Node2,test,2026-04-19 03:00:00,2026-04-19 04:00:00,48.0,48.77539,48.0,10,26,2026-04-18 08:00:00,2026-04-19 05:00:00,2026-04-18 14:00:00,2026-04-18 17:00:00,False
Node2,test,2026-04-19 04:00:00,2026-04-19 05:00:00,48.0,48.46454,48.0,10,26,2026-04-18 08:00:00,2026-04-19 05:00:00,2026-04-18 14:00:00,2026-04-18 17:00:00,False
